date,actual,hybrid_prediction,real_price,regime_probability,aluminium_price_index,electricity_power_index,lme_3m_benchmark,al_alloy_secondary_226,crude_oil_csv,coal_pci,al_scrap_zorba_cn,al_scrap_zorba_ind,al_tense_scrap,met_coal_cn,met_coal_ind,bdry_freight,usd_inr,usd_eur,fx_effect,dbb_base_metals_etf,xme_mining_etf,usd_cny,vix,crude_oil
2016-01-01,100.0,99.91262952993829,164.20877454821263,0.5,99719.01225,1165.37,1607.75,135490.15,37.14,6095.6224,94591.6020896,93776.157244,97853.381472,8063.384,8211.336,24.10099983215332,66.7239990234375,0.9277300238609314,0.09811612158265913,9.334467887878418,12.470909118652344,6.5467000007629395,24.989999771118164,33.27000045776367
2016-01-08,99.91753753114853,99.95952922723055,164.28585531222893,0.5,99719.01225,1165.37,1621.25,135490.15,37.14,6095.6224,94591.6020896,93776.157244,97853.381472,8063.384,8211.336,24.10099983215332,66.93599700927734,0.9186099767684937,0.09808474388733077,9.301337242126465,11.050169944763184,6.565400123596191,23.950000762939453,31.200000762939453
2016-01-15,98.95510453216176,99.01737326727317,162.73739966307062,0.5,97038.227,1165.37,1618.75,135490.15,37.14,6095.6224,94591.6020896,93776.157244,97853.381472,8063.384,8211.336,24.10099983215332,67.9489974975586,0.9193699955940247,0.09666661978784577,9.309619903564453,10.84846019744873,6.568399906158447,26.690000534057617,29.530000686645508
2016-01-22,100.17095366236916,100.1329684158093,164.57090672914333,0.5,100124.50525000002,1165.37,1639.75,135490.15,37.14,6095.6224,94591.6020896,93776.157244,97853.381472,8063.384,8211.336,24.10099983215332,68.19599914550781,0.9167600274085999,0.09630770319683413,9.5829439163208,11.3571195602417,6.567800045013428,22.420000076293945,33.220001220703125
2016-01-29,100.80193462304754,100.80368169815335,165.67323990448955,0.5,101320.60925,1165.37,1652.25,135490.15,37.14,6095.6224,94591.6020896,93776.157244,97853.381472,8063.384,8211.336,24.10099983215332,67.927001953125,0.9016299843788147,0.09667731128038058,9.980507850646973,13.181275367736816,6.566999912261963,21.84000015258789,31.719999313354492
2016-02-05,100.57607282975543,100.5707971567669,165.2904886413889,0.5,101477.665,1165.37,1592.5,135490.15,37.14,6095.6224,94591.6020896,93776.157244,97853.381472,8063.384,8211.336,24.10099983215332,67.89299774169922,0.8864499926567078,0.09668007323483259,9.715465545654297,12.558608055114746,6.563899993896484,28.139999389648438,26.209999084472656
2016-02-12,100.93231284867467,100.94773362395894,165.90999265856212,0.5,101931.9405,1165.37,1612.25,135490.15,37.14,6095.6224,94591.6020896,93776.157244,97853.381472,8063.384,8211.336,24.10099983215332,68.35600280761719,0.8990399837493896,0.09535812201757064,9.889398574829102,13.926721572875977,6.5183000564575195,21.639999389648438,30.770000457763672
2016-02-19,102.59386199690056,102.58913491523478,168.60767458176178,0.5,106313.295,1165.37,1644.5,135490.15,37.14,6095.6224,94591.6020896,93776.157244,97853.381472,8063.384,8211.336,24.10099983215332,68.3759994506836,0.9079399704933167,0.0953799572612306,10.046770095825195,13.882872581481934,6.521699905395508,19.110000610351562,33.06999969482422
2016-02-26,102.89328069289056,102.89370383260977,169.1082408157096,0.5,106235.2695,1165.37,1663.25,135490.15,37.14,6095.6224,94591.6020896,93776.157244,97853.381472,8063.384,8211.336,24.10099983215332,67.38800048828125,0.9200500249862671,0.09706475695794227,10.485746383666992,16.45248031616211,6.540999889373779,16.700000762939453,34.56999969482422
2016-03-04,102.85426226487675,102.86066298279748,169.05393739597943,0.5,106180.4025,1165.37,1652.25,135490.15,37.14,6095.6224,94591.6020896,93776.157244,97853.381472,8063.384,8211.336,24.10099983215332,67.1449966430664,0.9100000262260437,0.0968501021309817,10.30352783203125,17.083908081054688,6.502999782562256,18.049999237060547,37.84000015258789
2016-03-11,102.78223323530506,102.780356947403,168.9219525235665,0.5,106045.458,1165.37,1615.25,135490.15,37.14,6095.6224,94591.6020896,93776.157244,97853.381472,8063.384,8211.336,24.10099983215332,66.83000183105469,0.8913499712944031,0.09744126747576849,10.502312660217285,18.180164337158203,6.51200008392334,14.4399995803833,40.20000076293945
2016-03-18,101.1318644205525,101.12696707430081,166.20456708200743,0.5,101877.10575,1165.37,1578.0,135490.15,37.14,6095.6224,94591.6020896,93776.157244,97853.381472,8063.384,8211.336,24.10099983215332,66.9020004272461,0.8943700194358826,0.09710173356410964,10.220704078674316,17.653959274291992,6.496300220489502,14.739999771118164,39.459999084472656
2016-03-25,100.58584766858776,100.59274446298714,165.32655955931003,0.5,100049.05625,1165.37,1603.25,135490.15,37.14,6095.6224,94591.6020896,93776.157244,97853.381472,8063.384,8211.336,24.10099983215332,66.36799621582031,0.8822500109672546,0.09726224125286,10.28696346282959,18.020736694335938,6.455100059509277,13.949999809265137,38.34000015258789
2016-04-01,101.0040873746114,101.01565721619603,166.0216266921837,0.5,101687.77125,1165.37,1578.25,135490.15,37.14,6095.6224,94591.6020896,93776.157244,97853.381472,8063.384,8211.336,24.10099983215332,66.53299713134766,0.8768100142478943,0.09725850837403885,9.955660820007324,17.518695831298828,6.470900058746338,16.15999984741211,37.2599983215332
2016-04-08,101.16851996816851,101.1589847603083,166.25718890777554,0.5,100874.67825,1169.34,1629.5,135490.15,37.14,6095.6224,94591.6020896,93776.157244,97853.381472,8063.384,8211.336,24.10099983215332,66.5250015258789,0.8866000175476074,0.09723261710730471,10.419486045837402,19.54448890686035,6.468400001525879,13.720000267028809,41.5
2016-04-15,102.64507892637708,102.6525773993969,168.7119438080605,0.5,103467.776,1182.65,1702.25,135490.15,37.14,6095.6224,94591.6020896,93776.157244,97853.381472,8063.384,8211.336,24.10099983215332,66.2040023803711,0.8845599889755249,0.09758926860162791,10.74250602722168,20.54857063293457,6.4608001708984375,13.949999809265137,43.18000030517578
2016-04-22,104.66523264508622,104.6630766653034,172.01624700013755,0.5,110288.97,1152.4,1726.0,135490.15,37.14,6095.6224,94591.6020896,93776.157244,97853.381472,8063.384,8211.336,24.10099983215332,66.3550033569336,0.8826900124549866,0.09773189368302607,10.792201042175293,21.35009002685547,6.485000133514404,15.220000267028809,46.029998779296875
2016-04-29,102.84530203657849,102.84284797431229,169.02465800732074,0.5,109566.6,1081.91,1666.0,135490.15,37.14,6095.6224,94591.6020896,93776.157244,97853.381472,8063.384,8211.336,24.10099983215332,66.62000274658203,0.8700900077819824,0.09734013200927591,10.452614784240723,19.852766036987305,6.484799861907959,15.90999984741211,44.31999969482422
2016-05-06,100.54032611487659,100.54158602075765,165.24247944705772,0.5,106360.2,1028.26,1612.25,135490.15,37.14,6095.6224,94591.6020896,93776.157244,97853.381472,8063.384,8211.336,24.10099983215332,66.59100341796875,0.8751199841499329,0.0973404745582879,10.295248031616211,18.85747528076172,6.48199987411499,14.40999984741211,46.70000076293945
2016-05-13,98.94572948206988,98.9484747057436,162.6241632443102,0.5,102321.5775,1020.96,1605.25,135490.15,37.14,6095.6224,94591.6020896,93776.157244,97853.381472,8063.384,8211.336,24.10099983215332,67.16000366210938,0.8910300135612488,0.09721262142020082,10.228985786437988,18.267358779907227,6.528800010681152,16.329999923706055,48.15999984741211
2016-05-20,99.4588716291949,99.45814230845554,163.46181402842026,0.5,104280.176,1004.25,1613.5,135490.15,37.14,6095.6224,94591.6020896,93776.157244,97853.381472,8063.384,8211.336,24.10099983215332,67.30400085449219,0.8961399793624878,0.09723195834657787,10.28696346282959,19.174562454223633,6.544099807739258,13.430000305175781,49.47999954223633
2016-05-27,99.23916548729927,99.23359834714913,163.09277070635179,0.5,104719.8815,983.65,1594.25,135490.15,37.14,6095.6224,94591.6020896,93776.157244,97853.381472,8063.384,8211.336,24.10099983215332,67.4260025024414,0.8937299847602844,0.09736748360083486,10.44433307647705,19.44760513305664,6.565100193023682,13.630000114440918,49.16999816894531
2016-06-03,99.43811045649078,99.43767003121135,163.42816735557926,0.5,103280.5,1010.55,1631.0,135490.15,37.14,6095.6224,94591.6020896,93776.157244,97853.381472,8063.384,8211.336,24.10099983215332,66.51000213623047,0.8766499757766724,0.09851901308916444,10.651395797729492,21.024198532104492,6.552499771118164,14.640000343322754,50.560001373291016
2016-06-10,98.97413136851983,98.98067031168398,162.6770774857047,0.5,103474.40750000002,976.81,1652.75,135490.15,37.14,6095.6224,94591.6020896,93776.157244,97853.381472,8063.384,8211.336,24.10099983215332,67.072998046875,0.8878899812698364,0.09797981934910394,10.601701736450195,20.645462036132812,6.571800231933594,19.3700008392334,46.209999084472656
2016-06-17,100.47948612747356,100.47960761695823,165.14061647153363,0.5,108324.51,954.04,1690.25,135490.15,37.14,6095.6224,94591.6020896,93776.157244,97853.381472,8063.384,8211.336,24.10099983215332,67.4219970703125,0.8827499747276306,0.09740886357154992,10.891592025756836,21.29723358154297,6.567500114440918,17.25,50.11000061035156
2016-06-24,101.39461915770931,101.39442447950002,166.64413966615652,0.5,110599.052,956.92,1688.75,135490.15,37.14,6095.6224,94591.6020896,93776.157244,97853.381472,8063.384,8211.336,24.10099983215332,67.41600036621094,0.8986300230026245,0.09829714050338838,11.115221977233887,21.57160186767578,6.626800060272217,15.630000114440918,48.33000183105469
2016-07-01,101.2764625329699,101.27731341735678,166.45166486000784,0.5,110386.6695,953.75,1679.0,135490.15,37.14,6095.6224,94591.6020896,93776.157244,97853.381472,8063.384,8211.336,24.10099983215332,67.4010009765625,0.9009799957275391,0.0991528314240137,10.933003425598145,22.190202713012695,6.683000087738037,14.760000228881836,45.13999938964844
2016-07-08,101.48107416859769,101.48156481919548,166.78735687966025,0.5,111685.7265,917.56,1719.0,135490.15,37.14,6095.6224,94591.6020896,93776.157244,97853.381472,8063.384,8211.336,24.10099983215332,67.00599670410156,0.9013100266456604,0.0996373515375202,11.396830558776855,24.638113021850586,6.676300048828125,12.819999694824219,45.68000030517578
2016-07-15,101.60402974593062,101.60449345926736,166.98939301301047,0.5,111950.228,939.16,1632.75,135490.15,37.14,6095.6224,94591.6020896,93776.157244,97853.381472,8063.384,8211.336,24.10099983215332,67.16400146484375,0.907480001449585,0.09940741816575684,11.34713363647461,23.719036102294922,6.676599979400635,12.739999771118164,44.75
2016-07-22,101.08378174392907,101.0784179710581,166.12477548022088,0.24064111596304158,108201.8825,976.58,1643.0,135490.15,37.14,6095.6224,94591.6020896,93776.157244,97853.381472,8063.384,8211.336,24.10099983215332,67.06300354003906,0.9030600190162659,0.09941099667636433,11.247743606567383,25.442296981811523,6.666800022125244,12.720000267028809,41.13999938964844
2016-07-29,100.88293925430246,100.88463107242782,165.80628211959882,0.25892307839586354,106745.088,992.1,1661.75,135490.15,37.14,6095.6224,94591.6020896,93776.157244,97853.381472,8063.384,8211.336,24.10099983215332,66.76000213623047,0.8967400193214417,0.09932294125343331,11.289155960083008,25.362760543823242,6.630799770355225,12.420000076293945,41.93000030517578
2016-08-05,101.90729477385439,101.90820690749511,167.4885532631403,0.2662885684437763,109754.564,986.01,1696.75,135490.15,37.14,6095.6224,94591.6020896,93776.157244,97853.381472,8063.384,8211.336,24.10099983215332,66.75800323486328,0.8939399719238281,0.09945174943465988,11.396830558776855,24.78834342956543,6.639200210571289,11.680000305175781,43.4900016784668
2016-08-12,102.25928422207889,102.25851248350386,168.06428877950526,0.18617520695688386,109694.895,1004.79,1717.0,135490.15,37.14,6095.6224,94591.6020896,93776.157244,97853.381472,8063.384,8211.336,24.10099983215332,66.90550231933594,0.8850399851799011,0.09915477194627564,11.471372604370117,24.66461944580078,6.633999824523926,11.430000305175781,48.220001220703125
2016-08-19,103.28579060992801,103.285837666392,169.7527220650493,0.20585334728685398,111934.16325,1032.0,1687.75,135490.15,37.14,6095.6224,94591.6020896,93776.157244,97853.381472,8063.384,8211.336,24.10099983215332,67.16000366210938,0.8877999782562256,0.09914234210210088,11.256025314331055,23.17997169494629,6.658400058746338,13.630000114440918,47.33000183105469
2016-08-26,102.29533719344734,102.29487885366795,168.12405777074798,0.28960760516005296,110540.09025,1008.37,1658.0,135490.15,37.14,6095.6224,94591.6020896,93776.157244,97853.381472,8063.384,8211.336,24.10099983215332,66.97470092773438,0.8960000276565552,0.09970331803387679,11.289155960083008,22.95020294189453,6.677599906921387,13.479999542236328,43.15999984741211
2016-09-02,100.67013867940541,100.66783162939849,165.44996709686274,0.4493875885262387,106204.05,1003.05,1644.75,135490.15,37.14,6095.6224,94591.6020896,93776.157244,97853.381472,8063.384,8211.336,24.10099983215332,66.47160339355469,0.8895999789237976,0.10023227513993722,11.189764976501465,23.55997085571289,6.662600040435791,12.510000228881836,47.619998931884766
2016-09-09,100.51601955504776,100.51449087827694,165.19794793823948,0.4469971899329136,105259.2825,1022.76,1644.75,135490.15,37.14,6095.6224,94591.6020896,93776.157244,97853.381472,8063.384,8211.336,24.10099983215332,66.75810241699219,0.8891000151634216,0.09996090195433911,11.048961639404297,21.73067283630371,6.6732001304626465,16.299999237060547,43.90999984741211
2016-09-16,100.82256051351428,100.8255313320315,165.70915029560166,0.4454553271613695,105341.2875,1029.13,1644.75,135490.15,37.14,6095.6224,94591.6020896,93776.157244,97853.381472,8063.384,8211.336,24.10099983215332,66.76119995117188,0.8934000134468079,0.09996225654451067,11.314002990722656,23.418582916259766,6.673600196838379,12.020000457763672,46.31999969482422
2016-09-23,101.418855287394,101.40356736154224,166.659166209478,0.4630966155388299,105585.10625,1042.55,1726.25,135490.15,37.14,6095.6224,94591.6020896,93776.157244,97853.381472,8063.384,8211.336,24.10099983215332,66.33280181884766,0.8908699750900269,0.10063196190073855,11.554198265075684,23.462663650512695,6.67519998550415,14.020000457763672,47.83000183105469
2016-09-30,102.61258619738219,102.61287876884555,168.6466981678972,0.48346421496522657,111448.022,993.6,1741.75,135490.15,37.14,6095.6224,94591.6020896,93776.157244,97853.381472,8063.384,8211.336,24.10099983215332,66.56320190429688,0.8921999931335449,0.10025058392398617,11.487936973571777,22.63833236694336,6.672999858856201,12.84000015258789,50.439998626708984
2016-10-07,102.8894088461904,102.89156626499344,169.10472767267208,0.4816430252488421,111524.743,1011.51,1741.75,135490.15,37.14,6095.6224,94591.6020896,93776.157244,97853.381472,8063.384,8211.336,24.10099983215332,66.81809997558594,0.9081100225448608,0.1005535935660544,11.297438621520996,21.87604331970215,6.718800067901611,16.690000534057617,50.439998626708984
2016-10-14,103.08258423159094,103.0815296790922,169.41693704585052,0.42324109180423214,111550.824,1017.54,1741.75,135490.15,37.14,6095.6224,94591.6020896,93776.157244,97853.381472,8063.384,8211.336,24.10099983215332,66.63639831542969,0.9111499786376953,0.10107689446098822,11.164916038513184,22.984020233154297,6.735400199890137,13.75,50.43000030517578
2016-10-21,102.46767258318927,102.46771041910259,168.40811054462446,0.3866302227927694,109575.586,1022.95,1741.75,135490.15,37.14,6095.6224,94591.6020896,93776.157244,97853.381472,8063.384,8211.336,24.10099983215332,66.86399841308594,0.9164199829101562,0.10124581554979012,11.579045295715332,22.1153564453125,6.769700050354004,15.359999656677246,49.720001220703125
2016-10-28,104.18851403320087,104.20161858812087,171.25782971379425,0.30592244231436183,114858.16,998.47,1813.5,135490.15,37.14,6095.6224,94591.6020896,93776.157244,97853.381472,8063.384,8211.336,24.10099983215332,66.77749633789062,0.9010999798774719,0.10103852714337774,11.968327522277832,22.63833236694336,6.747099876403809,22.079999923706055,44.65999984741211
2016-11-04,104.75714752297425,104.7578091054259,172.17194201062486,0.28217929597592584,115331.355,993.43,1867.5,135490.15,37.14,6095.6224,94591.6020896,93776.157244,97853.381472,8063.384,8211.336,24.10099983215332,66.50749969482422,0.9157000184059143,0.10192384176041339,12.556390762329102,25.59886360168457,6.77869987487793,14.739999771118164,44.65999984741211
2016-11-11,105.38120699243653,105.38379639377244,173.20076695483615,0.2827752824196061,117732.0125,988.71,1808.5,135490.15,37.14,6095.6224,94591.6020896,93776.157244,97853.381472,8063.384,8211.336,24.10099983215332,67.98149871826172,0.9340000152587891,0.09986834590302915,12.33276081085205,26.210472106933594,6.7891998291015625,13.350000381469727,45.41999816894531
2016-11-18,105.94703812677416,105.94226488625117,174.11862315785243,0.286756428412023,117608.71,993.8,1895.25,135490.15,37.14,6095.6224,94591.6020896,93776.157244,97853.381472,8063.384,8211.336,24.10099983215332,68.79850006103516,0.9483000040054321,0.10044114497827238,12.978802680969238,28.071887969970703,6.910200119018555,12.430000305175781,47.959999084472656
2016-11-25,106.97950374345751,106.98175838845272,175.82705536457559,0.2749109882940355,120370.75325,1009.18,1842.0,135490.15,37.14,6095.6224,94591.6020896,93776.157244,97853.381472,8063.384,8211.336,24.10099983215332,68.58799743652344,0.944100022315979,0.10046655765848632,12.970518112182617,27.735055923461914,6.8907999992370605,14.069999694824219,51.060001373291016
2016-12-02,106.47951126810315,106.48331690043157,175.00785496601722,0.3410095294614516,118017.8,1022.34,1828.75,135490.15,37.14,6095.6224,94591.6020896,93776.157244,97853.381472,8063.384,8211.336,24.10099983215332,67.43150329589844,0.9291999936103821,0.1018885795484564,12.846281051635742,29.897846221923828,6.870500087738037,12.640000343322754,50.84000015258789
2016-12-09,106.89318025311854,106.8930085580629,175.68119291497098,0.3386759389153483,118005.03,1047.1,1852.5,135490.15,37.14,6095.6224,94591.6020896,93776.157244,97853.381472,8063.384,8211.336,24.10099983215332,67.81999969482422,0.9510999917984009,0.10179593101806265,12.995367050170898,28.337797164916992,6.903800010681152,12.789999961853027,50.900001525878906
2016-12-16,105.95289326276878,105.95442594253086,174.13861014206347,0.39020701194230134,117261.4345,1017.49,1829.5,135490.15,37.14,6095.6224,94591.6020896,93776.157244,97853.381472,8063.384,8211.336,24.10099983215332,67.82550048828125,0.958899974822998,0.10234203951379499,12.531542778015137,27.54005241394043,6.941400051116943,11.430000305175781,52.95000076293945
2016-12-23,105.48944683287056,105.4877986269787,173.37169708994946,0.28629358319058207,116679.64,1009.09,1794.0,135490.15,37.14,6095.6224,94591.6020896,93776.157244,97853.381472,8063.384,8211.336,24.10099983215332,68.20500183105469,0.9599699974060059,0.10201744234542921,12.216804504394531,27.858104705810547,6.958099842071533,13.369999885559082,53.77000045776367
2016-12-30,105.28645100429551,105.2880157206015,173.0433491484908,0.28241000308646214,115030.82625,1021.7,1810.25,135490.15,37.14,6095.6224,94591.6020896,93776.157244,97853.381472,8063.384,8211.336,24.10099983215332,67.885498046875,0.9523000121116638,0.1020114759240203,12.490129470825195,29.012937545776367,6.925099849700928,11.670000076293945,53.7599983215332
2017-01-06,105.53765201909334,105.54739699179258,173.46964841499423,0.26546614179989175,115103.425,1019.46,1886.5,135490.15,37.14,6095.6224,94591.6020896,93776.157244,97853.381472,8063.384,8211.336,24.10099983215332,68.13999938964844,0.9435999989509583,0.10179190003126752,13.161018371582031,28.55100440979004,6.936100006103516,11.539999961853027,53.0099983215332
2017-01-13,108.93415987055667,108.92788551847245,179.02556142571186,0.7909139771457575,123201.26,1039.36,1952.25,135490.15,37.14,6095.6224,94591.6020896,93776.157244,97853.381472,8063.384,8211.336,24.10099983215332,68.197998046875,0.9409300088882446,0.10026687023728983,13.136170387268066,28.906330108642578,6.8379998207092285,12.779999732971191,51.369998931884766
2017-01-20,109.57553157681635,109.57481704439785,180.0888087207596,0.7741453832746512,125149.59,1037.67,1929.25,135490.15,37.14,6095.6224,94591.6020896,93776.157244,97853.381472,8063.384,8211.336,24.10099983215332,67.9729995727539,0.9300600290298462,0.10112250524776879,13.21899700164795,29.5992374420166,6.873600006103516,10.630000114440918,53.779998779296875
2017-01-27,108.99808200060716,108.99709744769379,179.13931287170047,0.7702909964257452,123610.575,1032.56,1930.25,135490.15,37.14,6095.6224,94591.6020896,93776.157244,97853.381472,8063.384,8211.336,24.10099983215332,67.39540100097656,0.9287300109863281,0.10209746961749876,13.442625999450684,29.892391204833984,6.880899906158447,11.930000305175781,53.540000915527344
2017-02-03,108.61874996443359,108.61768961141797,178.51574710086692,0.7733116562790311,122742.27,1021.05,1956.75,135490.15,37.14,6095.6224,94591.6020896,93776.157244,97853.381472,8063.384,8211.336,24.10099983215332,66.96430206298828,0.935259997844696,0.10262930742132528,13.426060676574707,30.345434188842773,6.872499942779541,10.880000114440918,53.0
2017-02-10,110.38892754811467,110.38995951352501,181.428514687536,0.7665224981103165,125050.407,1065.02,2001.25,135490.15,37.14,6095.6224,94591.6020896,93776.157244,97853.381472,8063.384,8211.336,24.10099983215332,66.8655014038086,0.9427400231361389,0.10271963796863674,13.715951919555664,30.700759887695312,6.8684000968933105,11.760000228881836,53.36000061035156
2017-02-17,111.779514975506,111.78040409974976,183.71374331834434,0.7346078591800729,127931.875,1103.98,1965.0,135490.15,37.14,6095.6224,94591.6020896,93776.157244,97853.381472,8063.384,8211.336,24.10099983215332,66.91429901123047,0.9474999904632568,0.10272393559185872,13.334953308105469,28.93299102783203,6.873700141906738,11.710000038146973,54.45000076293945
2017-02-24,111.20016909334065,111.20141864165083,182.76216699608196,0.7511179429983792,125709.13125,1111.94,1998.75,135490.15,37.14,6095.6224,94591.6020896,93776.157244,97853.381472,8063.384,8211.336,24.10099983215332,66.85800170898438,0.9491400122642517,0.10293756301759077,13.484040260314941,28.186784744262695,6.882199764251709,11.8100004196167,52.61000061035156
2017-03-03,112.27615108099614,112.27517700020633,184.52691430629528,0.7370580995437827,130420.1825,1097.36,1950.0,135490.15,37.14,6095.6224,94591.6020896,93776.157244,97853.381472,8063.384,8211.336,24.10099983215332,66.76499938964844,0.9480999708175659,0.10352580104203037,13.094758033752441,26.47230339050293,6.911900043487549,12.300000190734863,49.279998779296875
2017-03-10,110.41877311305942,110.41751376796789,181.47380075774495,0.6077131180967321,124923.73500000002,1095.41,1942.75,135490.15,37.14,6095.6224,94591.6020896,93776.157244,97853.381472,8063.384,8211.336,24.10099983215332,65.62049865722656,0.9312800168991089,0.10535732140599657,13.558582305908203,27.653783798217773,6.913599967956543,11.210000038146973,48.75
2017-03-17,110.34479551413123,110.34444834651681,181.35371600594954,0.5963364701234823,123810.995,1108.43,1999.5,135490.15,37.14,6095.6224,94591.6020896,93776.157244,97853.381472,8063.384,8211.336,24.10099983215332,65.36499786376953,0.9267699718475342,0.10530100392939777,13.59171199798584,26.685504913330078,6.882999897003174,13.119999885559082,47.70000076293945
2017-03-24,111.42699491353719,111.42927614852556,183.13665620882256,0.5993358697806774,126957.2125,1097.75,2041.0,135490.15,37.14,6095.6224,94591.6020896,93776.157244,97853.381472,8063.384,8211.336,24.10099983215332,64.77999877929688,0.9294000267982483,0.10632448611540428,13.72423267364502,26.853260040283203,6.887700080871582,11.539999961853027,50.349998474121094
2017-03-31,111.21939994250509,111.2207050508199,182.7938646666366,0.5873902142468981,127284.75,1080.48,2029.0,135490.15,37.14,6095.6224,94591.6020896,93776.157244,97853.381472,8063.384,8211.336,24.10099983215332,65.04000091552734,0.9369900226593018,0.10599476968719918,13.500603675842285,27.182361602783203,6.893899917602539,12.390000343322754,51.70000076293945
2017-04-07,110.88574003930466,110.88772542088027,182.2466047532588,0.48237592218962794,126175.518,1098.44,1983.75,135490.15,37.14,6095.6224,94591.6020896,93776.157244,97853.381472,8063.384,8211.336,24.10099983215332,64.5,0.9371500015258789,0.10683566100672011,13.10304069519043,26.310678482055664,6.890900135040283,15.960000038146973,53.18000030517578
2017-04-14,110.3876639164494,110.38695965379506,181.42358434697354,0.38594868844490293,123897.18375,1108.35,2018.5,135490.15,37.14,6095.6224,94591.6020896,93776.157244,97853.381472,8063.384,8211.336,24.10099983215332,64.64669799804688,0.9332699775695801,0.10651743042628584,13.177583694458008,26.568628311157227,6.886000156402588,14.149999618530273,50.27000045776367
2017-04-21,109.97950746316977,109.97369359913614,180.7443717917922,0.38425775143943575,125033.1,1063.41,2011.75,135490.15,37.14,6095.6224,94591.6020896,93776.157244,97853.381472,8063.384,8211.336,24.10099983215332,64.0199966430664,0.9166799783706665,0.10765542359598211,13.161018371582031,26.604206085205078,6.892099857330322,10.359999656677246,48.970001220703125
2017-04-28,109.01549680699637,109.01392898710014,179.16697590562,0.3186133252740521,122874.2625,1058.26,2018.75,135490.15,37.14,6095.6224,94591.6020896,93776.157244,97853.381472,8063.384,8211.336,24.10099983215332,64.20999908447266,0.9183599948883057,0.10740850340482044,12.929105758666992,25.145469665527344,6.896699905395508,10.460000038146973,45.52000045776367
2017-05-05,108.51794193078129,108.51867179799581,178.35300897779885,0.1998203044220326,123389.295,1027.67,1962.25,135490.15,37.14,6095.6224,94591.6020896,93776.157244,97853.381472,8063.384,8211.336,24.10099983215332,64.55000305175781,0.9199000000953674,0.10694034936431758,12.813150405883789,25.554624557495117,6.9029998779296875,10.600000381469727,47.83000183105469
2017-05-12,108.87708637031355,108.87840875458929,178.94424519167728,0.22372597393109614,121371.08775,1083.4,2008.25,135490.15,37.14,6095.6224,94591.6020896,93776.157244,97853.381472,8063.384,8211.336,24.10099983215332,64.2300033569336,0.8963500261306763,0.10713528900484187,12.904258728027344,25.385631561279297,6.88129997253418,14.65999984741211,49.349998474121094
2017-05-19,109.97619004706654,109.97547843456572,180.74730521112107,0.2333764442210949,123466.2825,1094.93,2031.75,135490.15,37.14,6095.6224,94591.6020896,93776.157244,97853.381472,8063.384,8211.336,24.10099983215332,64.76010131835938,0.8903999924659729,0.10639266656653454,13.227279663085938,26.186153411865234,6.889999866485596,9.989999771118164,48.900001525878906
2017-05-26,110.5351494602628,110.53772979839223,181.67137865285096,0.2679592238858741,125891.265,1083.81,2016.75,135490.15,37.14,6095.6224,94591.6020896,93776.157244,97853.381472,8063.384,8211.336,24.10099983215332,64.5000991821289,0.8894000053405762,0.1055998398168095,13.045062065124512,25.910417556762695,6.811200141906738,9.890000343322754,48.36000061035156
2017-06-02,110.15117520978254,110.14951483841779,181.0333381654911,0.27347432803203375,124454.6925,1096.64,1966.75,135490.15,37.14,6095.6224,94591.6020896,93776.157244,97853.381472,8063.384,8211.336,24.10099983215332,64.41829681396484,0.888480007648468,0.10552126444819782,12.879410743713379,26.862157821655273,6.797500133514404,10.15999984741211,45.63999938964844
2017-06-09,109.16814133845271,109.16841448490044,179.4208764825401,0.32271393298932005,122386.725,1092.28,1951.75,135490.15,37.14,6095.6224,94591.6020896,93776.157244,97853.381472,8063.384,8211.336,24.10099983215332,64.16580200195312,0.8916000127792358,0.10583519066840674,12.8048677444458,25.234413146972656,6.790999889373779,10.899999618530273,44.459999084472656
2017-06-16,107.89513122302503,107.89484120348592,177.32772861102146,0.41288396605526734,120697.565,1052.33,1937.0,135490.15,37.14,6095.6224,94591.6020896,93776.157244,97853.381472,8063.384,8211.336,24.10099983215332,64.5416030883789,0.8954799771308899,0.10579687631528227,13.10304069519043,25.35894012451172,6.8282999992370605,10.479999542236328,42.7400016784668
2017-06-23,108.00118316750932,108.0015246790811,177.50306543154602,0.3814714295434385,120334.07749999998,1050.5,1982.25,135490.15,37.14,6095.6224,94591.6020896,93776.157244,97853.381472,8063.384,8211.336,24.10099983215332,64.51190185546875,0.8785300254821777,0.1054069093461862,13.45919132232666,26.716379165649414,6.800000190734863,11.4399995803833,44.93000030517578
2017-06-30,108.28248756111255,108.28274743853865,177.96526170165572,0.3816290724892786,122371.6625,1024.09,1989.25,135490.15,37.14,6095.6224,94591.6020896,93776.157244,97853.381472,8063.384,8211.336,24.10099983215332,64.79139709472656,0.8812999725341797,0.10496455010225006,13.525452613830566,26.564889907836914,6.80079984664917,12.539999961853027,45.52000045776367
2017-07-07,109.20203296611581,109.19960291511748,179.47213540676339,0.4356650508681291,124710.09375,1025.73,1987.5,135490.15,37.14,6095.6224,94591.6020896,93776.157244,97853.381472,8063.384,8211.336,24.10099983215332,64.36499786376953,0.8757399916648865,0.1054610476500453,13.550300598144531,27.571870803833008,6.788000106811523,9.899999618530273,46.08000183105469
2017-07-14,108.41799675540528,108.42151304279375,178.19332626097497,0.36353875818925235,122512.0875,1023.95,1982.0,135490.15,37.14,6095.6224,94591.6020896,93776.157244,97853.381472,8063.384,8211.336,24.10099983215332,64.26329803466797,0.8674200177192688,0.1050568530476929,13.500603675842285,28.2580509185791,6.751299858093262,9.579999923706055,46.790000915527344
2017-07-21,108.65596223962768,108.65620168563932,178.57904260758065,0.33230678206605657,123313.37125,1016.2,2002.75,135490.15,37.14,6095.6224,94591.6020896,93776.157244,97853.381472,8063.384,8211.336,24.10099983215332,64.3447036743164,0.8526600003242493,0.10496590707761859,13.881603240966797,28.2580509185791,6.754000186920166,10.109999656677246,49.040000915527344
2017-07-28,108.2866098702214,108.28842040453718,177.97458535572284,0.33262126499260575,124214.76125,985.9,1983.25,135490.15,37.14,6095.6224,94591.6020896,93776.157244,97853.381472,8063.384,8211.336,24.10099983215332,63.64059829711914,0.8438000082969666,0.10561968886606868,13.873320579528809,27.126304626464844,6.721700191497803,10.4399995803833,49.029998779296875
2017-08-04,107.57149591018454,107.53190692948878,176.73123753021412,0.3077496377812173,121428.225,978.26,2095.5,135490.15,37.14,6095.6224,94591.6020896,93776.157244,97853.381472,8063.384,8211.336,24.10099983215332,63.887699127197266,0.8502299785614014,0.10443012078394788,14.386839866638184,27.019371032714844,6.671800136566162,16.040000915527344,48.59000015258789
2017-08-11,109.56762646031689,109.56659463401527,180.07529499442583,0.4936797612612147,129071.838,928.33,2152.25,135490.15,37.14,6095.6224,94591.6020896,93776.157244,97853.381472,8063.384,8211.336,24.10099983215332,64.1604995727539,0.8493099808692932,0.10426508788258407,14.635316848754883,26.591617584228516,6.689700126647949,15.550000190734863,47.09000015258789
2017-08-18,111.02124896358633,111.02208531440586,182.46742842257933,0.5785553500916403,132179.91375,938.25,2168.0,135490.15,37.14,6095.6224,94591.6020896,93776.157244,97853.381472,8063.384,8211.336,24.10099983215332,64.00499725341797,0.8462700247764587,0.10402781358581377,15.082574844360352,27.88377571105957,6.658299922943115,12.229999542236328,47.43000030517578
2017-08-25,111.28356069292334,111.28345093812801,182.89698901949652,0.5742313377471217,132901.34600000002,933.7,2169.0,135490.15,37.14,6095.6224,94591.6020896,93776.157244,97853.381472,8063.384,8211.336,24.10099983215332,63.976200103759766,0.8407999873161316,0.10309614788530054,15.281360626220703,28.864028930664062,6.595699787139893,10.59000015258789,47.22999954223633
2017-09-01,112.41741470330363,112.42270003995614,184.7693719184001,0.5891011966487257,136661.36250000002,924.11,2155.0,135490.15,37.14,6095.6224,94591.6020896,93776.157244,97853.381472,8063.384,8211.336,24.10099983215332,64.0154037475586,0.838379979133606,0.10186923456216654,15.297921180725098,29.30068016052246,6.521200180053711,11.550000190734863,49.09000015258789
2017-09-08,111.31578924514808,111.31508577751832,182.94898162777588,0.6345931116061493,133629.57499999998,930.35,2148.25,135490.15,37.14,6095.6224,94591.6020896,93776.157244,97853.381472,8063.384,8211.336,24.10099983215332,64.11509704589844,0.8410000205039978,0.10203837145743593,14.734709739685059,28.436277389526367,6.542200088500977,10.4399995803833,49.88999938964844
2017-09-15,112.06469523306625,112.06581958741909,184.18283043663718,0.6377580664108442,134581.02500000002,939.85,2222.0,135490.15,37.14,6095.6224,94591.6020896,93776.157244,97853.381472,8063.384,8211.336,24.10099983215332,64.28369903564453,0.8423100113868713,0.10227943084841913,14.858948707580566,28.471925735473633,6.574900150299072,9.670000076293945,50.54999923706055
2017-09-22,113.5817812085263,113.583000114553,186.67635258995435,0.638293590978833,139876.20625000002,920.88,2198.0,135490.15,37.14,6095.6224,94591.6020896,93776.157244,97853.381472,8063.384,8211.336,24.10099983215332,65.5250015258789,0.8510900139808655,0.1013429975417942,15.10742473602295,28.641630172729492,6.640500068664551,9.550000190734863,51.560001373291016
2017-09-29,113.6803674239902,113.6794823982269,186.83492350978943,0.5298728791299389,139053.405,929.76,2240.25,135490.15,37.14,6095.6224,94591.6020896,93776.157244,97853.381472,8063.384,8211.336,24.10099983215332,65.01950073242188,0.8505399823188782,0.10233545222012001,15.521553039550781,29.355884552001953,6.653800010681152,9.1899995803833,50.790000915527344
2017-10-06,114.51022686350333,114.50975403154733,188.19949461647658,0.39666900302362035,140675.40000000002,948.39,2236.25,135490.15,37.14,6095.6224,94591.6020896,93776.157244,97853.381472,8063.384,8211.336,24.10099983215332,65.20539855957031,0.8427799940109253,0.10105758259092375,15.546401023864746,28.971967697143555,6.5894999504089355,9.90999984741211,50.599998474121094
2017-10-13,113.73240268640669,113.73202030763731,186.92127080904677,0.4385783179369064,138579.03,946.35,2225.0,135490.15,37.14,6095.6224,94591.6020896,93776.157244,97853.381472,8063.384,8211.336,24.10099983215332,65.04010009765625,0.8478000164031982,0.10190328701431228,15.405595779418945,29.364816665649414,6.627799987792969,10.050000190734863,51.290000915527344
2017-10-20,113.84601085255017,113.84603852772165,187.1086624559717,0.4422279393227782,138957.96000000002,944.57,2225.0,135490.15,37.14,6095.6224,94591.6020896,93776.157244,97853.381472,8063.384,8211.336,24.10099983215332,64.83999633789062,0.8459699749946594,0.1023689130143761,15.678921699523926,29.14160919189453,6.637599945068359,11.300000190734863,52.63999938964844
2017-10-27,115.00150181032305,115.0003265207949,189.00576212905636,0.43960773502605227,141942.28125,952.05,2231.5,135490.15,37.14,6095.6224,94591.6020896,93776.157244,97853.381472,8063.384,8211.336,24.10099983215332,64.55509948730469,0.8599399924278259,0.10222895008756276,15.654075622558594,28.552349090576172,6.599400043487549,9.930000305175781,54.540000915527344
2017-11-03,115.2216491688135,115.22197279229117,189.37004302924703,0.27109362774793067,140886.06,992.34,2231.5,135490.15,37.14,6095.6224,94591.6020896,93776.157244,97853.381472,8063.384,8211.336,24.10099983215332,64.9104995727539,0.8622999787330627,0.10208825740335527,15.256511688232422,27.748809814453125,6.6265997886657715,10.5,57.16999816894531
2017-11-10,114.20973929469277,114.20900564171052,187.70520751008377,0.3998854165140993,138431.415,987.13,2231.5,135490.15,37.14,6095.6224,94591.6020896,93776.157244,97853.381472,8063.384,8211.336,24.10099983215332,65.41339874267578,0.8479700088500977,0.10144099247966977,15.157119750976562,27.302406311035156,6.6356000900268555,11.760000228881836,55.13999938964844
2017-11-17,113.39437183313572,113.39412532090316,186.36593239028386,0.31579622571471294,136824.0675,967.07,2231.5,135490.15,37.14,6095.6224,94591.6020896,93776.157244,97853.381472,8063.384,8211.336,24.10099983215332,64.7699966430664,0.8464000225067139,0.10206731924908258,15.43044376373291,28.159507751464844,6.610899925231934,9.880000114440918,58.02000045776367
2017-11-24,112.61632247262621,112.61948094321319,185.09278599658379,0.3484944972360926,135080.16,956.93,2239.5,135490.15,37.14,6095.6224,94591.6020896,93776.157244,97853.381472,8063.384,8211.336,24.10099983215332,64.41480255126953,0.8437399864196777,0.10258977668499551,15.032880783081055,28.516639709472656,6.60830020904541,11.279999732971191,57.400001525878906
2017-12-01,111.59256245826256,111.59221239623267,183.40444579349617,0.3092419364949584,133733.83,925.51,2239.5,135490.15,37.14,6095.6224,94591.6020896,93776.157244,97853.381472,8063.384,8211.336,24.10099983215332,64.51519775390625,0.8471500277519226,0.10252467852770601,14.685012817382812,28.77555274963379,6.6143999099731445,10.15999984741211,56.689998626708984
2017-12-08,109.8412453882346,109.84040616822573,180.52531074019691,0.43568926585807255,130140.8775,891.12,2239.5,135490.15,37.14,6095.6224,94591.6020896,93776.157244,97853.381472,8063.384,8211.336,24.10099983215332,64.31999969482422,0.8448899984359741,0.10290267504300873,15.090858459472656,29.498733520507812,6.61870002746582,10.489999771118164,57.040000915527344
2017-12-15,110.84563305160566,110.84457344459246,182.17568345753378,0.5613342169519413,132165.0,896.24,2239.5,135490.15,37.14,6095.6224,94591.6020896,93776.157244,97853.381472,8063.384,8211.336,24.10099983215332,63.96500015258789,0.8418800234794617,0.10286406593191387,15.58781623840332,31.516511917114258,6.579699993133545,9.619999885559082,58.36000061035156
2017-12-22,111.73624818590896,111.73683199610363,183.642131533349,0.5115445852140965,134493.97,890.92,2244.5,135490.15,37.14,6095.6224,94591.6020896,93776.157244,97853.381472,8063.384,8211.336,24.10099983215332,64.11499786376953,0.8402799963951111,0.10223348851373583,16.101335525512695,32.76136779785156,6.554699897766113,10.180000305175781,59.84000015258789
2017-12-29,115.58273287955329,115.58840472711458,189.97228259851644,0.9489703531548986,145012.56,895.73,2244.5,135490.15,37.14,6095.6224,94591.6020896,93776.157244,97853.381472,8063.384,8211.336,24.10099983215332,63.41910171508789,0.832610011100769,0.10254165925399412,16.043357849121094,33.93142318725586,6.5030999183654785,9.220000267028809,62.0099983215332
2018-01-05,113.85098963352182,113.84920387033125,187.11386477156879,0.9464118052327724,139458.845,903.01,2244.5,135490.15,37.14,6095.6224,94591.6020896,93776.157244,97853.381472,8063.384,8211.336,24.10099983215332,63.7599983215332,0.8363900184631348,0.10205771542424935,15.877703666687012,35.25447082519531,6.507199764251709,9.880000114440918,63.79999923706055
2018-01-12,113.09897586521863,113.1013335651864,185.8847222006385,0.9355573687815055,137931.17500000002,895.0,2244.5,135490.15,37.14,6095.6224,94591.6020896,93776.157244,97853.381472,8063.384,8211.336,24.10099983215332,63.82500076293945,0.8207499980926514,0.10077712091180151,15.968812942504883,34.516441345214844,6.43209981918335,12.220000267028809,63.95000076293945
2018-01-19,114.25543161461077,114.25419636768295,187.77947953923353,0.9274124612981345,141734.51499999998,884.07,2244.5,135490.15,37.14,6095.6224,94591.6020896,93776.157244,97853.381472,8063.384,8211.336,24.10099983215332,63.57789993286133,0.8070300221443176,0.10018103610274452,16.101335525512695,34.75944900512695,6.36929988861084,11.579999923706055,65.51000213623047
2018-01-26,115.2378124833597,115.23684291085908,189.39448242153318,0.9058301865337518,143688.61000000002,906.38,2250.0,135490.15,37.14,6095.6224,94591.6020896,93776.157244,97853.381472,8063.384,8211.336,24.10099983215332,63.665000915527344,0.8052399754524231,0.09877012190458326,16.333248138427734,33.34640121459961,6.2881999015808105,13.470000267028809,65.80000305175781
2018-02-02,113.75614057643746,113.75600626007275,186.96069229033822,0.8843178837480451,141631.10499999998,878.29,2250.0,135490.15,37.14,6095.6224,94591.6020896,93776.157244,97853.381472,8063.384,8211.336,24.10099983215332,64.19999694824219,0.8151199817657471,0.0976261737903908,15.678921699523926,30.67328643798828,6.267600059509277,33.459999084472656,61.150001525878906
2018-02-09,111.97925748525,111.98135181310857,184.04400564768306,0.9102235255780531,138587.68,820.16,2250.0,135490.15,37.14,6095.6224,94591.6020896,93776.157244,97853.381472,8063.384,8211.336,24.10099983215332,64.02519989013672,0.8021000027656555,0.09911722580077512,16.233856201171875,33.553409576416016,6.3460001945495605,19.1299991607666,61.34000015258789
2018-02-16,112.97853872735914,112.97749091989162,185.68118387804265,0.9009738469782774,141722.505,814.24,2250.0,135490.15,37.14,6095.6224,94591.6020896,93776.157244,97853.381472,8063.384,8211.336,24.10099983215332,64.8949966430664,0.8142099976539612,0.09779798727017691,16.209007263183594,33.43640899658203,6.34660005569458,18.719999313354492,62.77000045776367
2018-02-23,113.7378952244338,113.73984415202632,186.93412948272416,0.6429141281388119,142700.61000000002,841.04,2255.0,135490.15,37.14,6095.6224,94591.6020896,93776.157244,97853.381472,8063.384,8211.336,24.10099983215332,65.23999786376953,0.8202599883079529,0.09704016553439393,15.745184898376465,33.2653923034668,6.330900192260742,22.469999313354492,60.9900016784668
2018-03-02,113.0892933486607,113.09052164663576,185.86695255625952,0.5729947283524892,140092.56,860.46,2255.0,135490.15,37.14,6095.6224,94591.6020896,93776.157244,97853.381472,8063.384,8211.336,24.10099983215332,64.89119720458984,0.8054999709129333,0.09747084476228911,15.31449031829834,33.22038650512695,6.324999809265137,16.540000915527344,60.119998931884766
2018-03-09,111.35163813580067,111.35016296710617,183.00663182018815,0.6471044819886744,135745.18,850.83,2255.0,135490.15,37.14,6095.6224,94591.6020896,93776.157244,97853.381472,8063.384,8211.336,24.10099983215332,64.83679962158203,0.8080400228500366,0.09741381470872922,15.339340209960938,32.590370178222656,6.315999984741211,16.59000015258789,61.189998626708984
2018-03-16,111.18512405103239,111.18297452723124,182.73185365691035,0.5753612217495019,135146.705,864.12,2255.0,135490.15,37.14,6095.6224,94591.6020896,93776.157244,97853.381472,8063.384,8211.336,24.10099983215332,65.06559753417969,0.8098700046539307,0.0971419655277733,15.074296951293945,30.61028289794922,6.3206000328063965,23.34000015258789,64.30000305175781
2018-03-23,111.3690705781562,111.3666193018463,183.03367819634644,0.5147085623785741,135672.17,862.94,2260.0,135490.15,37.14,6095.6224,94591.6020896,93776.157244,97853.381472,8063.384,8211.336,24.10099983215332,65.14920043945312,0.8123300075531006,0.09663357178409568,15.074296951293945,30.678796768188477,6.295599937438965,19.969999313354492,64.94000244140625
2018-03-30,110.30043810980025,110.30586128352175,181.290297253409,0.49133483611893647,131981.58,871.41,2300.0,135490.15,37.14,6095.6224,94591.6020896,93776.157244,97853.381472,8063.384,8211.336,22.780000686645508,64.99500274658203,0.8138800263404846,0.09699515202588167,15.10742473602295,31.426836013793945,6.304200172424316,18.940000534057617,63.540000915527344
2018-04-06,110.04531876959932,110.04670000713611,180.86435955358212,0.400062760175734,129293.19875,866.76,2300.0,135490.15,37.14,6095.6224,94591.6020896,93776.157244,97853.381472,8063.384,8211.336,20.450000762939453,65.19000244140625,0.8083000183105469,0.0961589162781238,15.44701099395752,31.886472702026367,6.268599987030029,18.489999771118164,67.06999969482422
2018-04-13,117.525511998885,117.53102033819079,193.1650173950465,0.95,149499.205,871.16,2300.0,135490.15,37.14,6095.6224,94591.6020896,93776.157244,97853.381472,8063.384,8211.336,21.582000732421875,66.01000213623047,0.8078100085258484,0.09503710993407506,16.2172908782959,33.580833435058594,6.273399829864502,15.960000038146973,68.29000091552734
2018-04-20,120.20208987021114,120.1899419380696,197.53501806052836,0.95,157943.98,857.72,2300.0,135490.15,37.14,6095.6224,94591.6020896,93776.157244,97853.381472,8063.384,8211.336,22.5,66.90769958496094,0.8215799927711487,0.09452873014363389,15.637510299682617,32.40921401977539,6.324699878692627,16.239999771118164,68.19000244140625
2018-04-27,117.637245475002,117.63912910609871,193.34269671726628,0.95,148429.36000000002,910.11,2300.0,135490.15,37.14,6095.6224,94591.6020896,93776.157244,97853.381472,8063.384,8211.336,21.75,67.08000183105469,0.8367499709129333,0.09483452016450396,15.397317886352539,31.679189682006836,6.361499786376953,15.899999618530273,68.43000030517578
2018-05-04,119.37028410107344,119.3708621963728,196.18884109297096,0.9436563028384637,151569.19999999998,932.27,2300.0,135490.15,37.14,6095.6224,94591.6020896,93776.157244,97853.381472,8063.384,8211.336,23.0,67.62000274658203,0.8440799713134766,0.09407571530508937,15.612662315368652,33.121192932128906,6.361400127410889,13.229999542236328,71.36000061035156
2018-05-11,120.82106871805387,120.82395314085619,198.57703049828757,0.9264786383064866,154826.96,941.83,2300.0,135490.15,37.14,6095.6224,94591.6020896,93776.157244,97853.381472,8063.384,8211.336,23.75,68.05999755859375,0.8462399840354919,0.09360123885047142,15.521553039550781,34.20271301269531,6.370500087738037,13.430000305175781,71.48999786376953
2018-05-18,122.42313015178797,122.42475431845627,201.20798517244393,0.9100214070935027,158422.16,977.42,2300.0,135490.15,37.14,6095.6224,94591.6020896,93776.157244,97853.381472,8063.384,8211.336,21.0,68.6500015258789,0.8539599776268005,0.09306336492496821,15.455293655395508,33.61689758300781,6.388800144195557,12.529999732971191,70.70999908447266
2018-05-25,121.33041684949842,121.3306713600667,199.40983390071307,0.8957622420405696,153171.39500000002,1025.64,2305.0,135490.15,37.14,6095.6224,94591.6020896,93776.157244,97853.381472,8063.384,8211.336,19.5,67.43000030517578,0.8571000099182129,0.09518018970948498,15.546401023864746,33.80615234375,6.418000221252441,15.430000305175781,67.04000091552734
2018-06-01,122.00662173926801,122.00474707347485,200.51769331120227,0.8765199996357494,154255.98750000002,1031.13,2305.0,135490.15,37.14,6095.6224,94591.6020896,93776.157244,97853.381472,8063.384,8211.336,21.0,66.8301010131836,0.8485000133514404,0.09558417208265392,15.86942195892334,34.50914764404297,6.387899875640869,12.130000114440918,65.94999694824219
2018-06-08,121.91161130488804,121.91431368895124,200.36906390047878,0.5589265745034528,156606.12,973.5,2305.0,135490.15,37.14,6095.6224,94591.6020896,93776.157244,97853.381472,8063.384,8211.336,21.969999313354492,67.77999877929688,0.8468999862670898,0.09438329716229167,15.794878959655762,34.46408462524414,6.397299766540527,12.119999885559082,66.88999938964844
2018-06-15,119.49618375322972,119.4960431142819,196.39457889832534,0.5625392581098804,149834.09,981.41,2305.0,135490.15,37.14,6095.6224,94591.6020896,93776.157244,97853.381472,8063.384,8211.336,22.25,68.3499984741211,0.8636299967765808,0.09468325091550947,14.983187675476074,32.71564483642578,6.47160005569458,14.640000343322754,65.54000091552734
2018-06-22,117.53315953772623,117.52425737199418,193.153902299821,0.5253028255897547,147469.005,922.06,2309.25,135490.15,37.14,6095.6224,94591.6020896,93776.157244,97853.381472,8063.384,8211.336,21.399999618530273,69.23999786376953,0.8647800087928772,0.09534806909731527,14.718143463134766,32.092201232910156,6.601900100708008,16.850000381469727,73.44999694824219
2018-06-29,116.52378820282716,116.52658361273865,191.51420183175185,0.47934533869304763,145939.60499999998,893.18,2309.25,135490.15,37.14,6095.6224,94591.6020896,93776.157244,97853.381472,8063.384,8211.336,22.040000915527344,68.9800033569336,0.8574600219726562,0.09613365685305514,13.989276885986328,32.738407135009766,6.63129997253418,14.970000267028809,72.94000244140625
2018-07-06,115.13221078122294,115.13147835692729,189.22131328002067,0.42867063447354115,142378.35,883.02,2309.25,135490.15,37.14,6095.6224,94591.6020896,93776.157244,97853.381472,8063.384,8211.336,22.670000076293945,68.72000122070312,0.8564000129699707,0.09724679419855761,13.666254997253418,32.84763717651367,6.682799816131592,12.579999923706055,70.33000183105469
2018-07-13,114.25940034235221,114.25934631823539,187.7879436050196,0.3207540161708709,138661.125,906.13,2309.25,135490.15,37.14,6095.6224,94591.6020896,93776.157244,97853.381472,8063.384,8211.336,23.469999313354492,68.6155014038086,0.8586900234222412,0.09790353297785358,13.434343338012695,32.674713134765625,6.717700004577637,12.869999885559082,69.45999908447266
2018-07-20,115.28201294695037,115.2837504704363,189.47157610740115,0.38806541214004625,139049.76,948.31,2309.25,135490.15,37.14,6095.6224,94591.6020896,93776.157244,97853.381472,8063.384,8211.336,24.100000381469727,68.83999633789062,0.8519700169563293,0.09832510869860879,13.7490816116333,33.62126922607422,6.768700122833252,12.140000343322754,69.61000061035156
2018-07-27,116.33776937814649,116.33751115853646,191.20345677227905,0.4079978369641452,142046.6525,954.16,2313.5,135490.15,37.14,6095.6224,94591.6020896,93776.157244,97853.381472,8063.384,8211.336,24.302000045776367,68.30709838867188,0.857200026512146,0.09988127220581056,13.525452613830566,32.174110412597656,6.8225998878479,12.1899995803833,68.95999908447266
2018-08-03,115.38540166237777,115.38498292131352,189.63795403961322,0.39767656432143844,140117.5,934.14,2313.5,135490.15,37.14,6095.6224,94591.6020896,93776.157244,97853.381472,8063.384,8211.336,25.26099967956543,68.45500183105469,0.861270010471344,0.09984953107861308,13.715951919555664,31.70083999633789,6.83519983291626,11.270000457763672,66.80999755859375
2018-08-10,116.87281414489695,116.87361231091751,192.08455172174183,0.41564322454099817,145013.45,932.9,2313.5,135490.15,37.14,6095.6224,94591.6020896,93776.157244,97853.381472,8063.384,8211.336,24.829999923706055,70.66000366210938,0.8815000057220459,0.09812906681335971,13.045062065124512,29.962434768676758,6.933800220489502,13.449999809265137,65.45999908447266
2018-08-17,115.19392759932528,115.19460330575616,189.32506062947363,0.40179671110055126,142250.425,888.61,2313.5,135490.15,37.14,6095.6224,94591.6020896,93776.157244,97853.381472,8063.384,8211.336,25.235000610351562,69.79000091552734,0.8632000088691711,0.09805416416230504,13.343235969543457,30.19906997680664,6.843200206756592,12.40999984741211,67.83000183105469
2018-08-24,116.56594863409579,116.56356079818627,191.5749747123893,0.42728667045722335,146674.6125,873.22,2318.75,135490.15,37.14,6095.6224,94591.6020896,93776.157244,97853.381472,8063.384,8211.336,25.434999465942383,70.91000366210938,0.8539900183677673,0.096159913756687,13.500603675842285,30.772478103637695,6.818699836730957,13.529999732971191,70.25
2018-08-31,118.51052607437708,118.51215504583944,194.77753553982646,0.4316792896182484,153237.2875,854.74,2318.75,135490.15,37.14,6095.6224,94591.6020896,93776.157244,97853.381472,8063.384,8211.336,25.434999465942383,71.88999938964844,0.8594599962234497,0.0950062593072509,13.185866355895996,30.563138961791992,6.829999923706055,14.649999618530273,67.7699966430664
2018-09-07,116.43363049143291,116.43385976580853,191.3618079917796,0.495763550275477,148282.24500000002,838.68,2318.75,135490.15,37.14,6095.6224,94591.6020896,93776.157244,97853.381472,8063.384,8211.336,24.559999465942383,71.92520141601562,0.8598999977111816,0.09537547149764822,13.10304069519043,30.74516487121582,6.859899997711182,12.369999885559082,68.58999633789062
2018-09-14,117.41253335241697,117.41405385561139,192.9727802088375,0.49178445234029244,151430.94999999998,832.41,2318.75,135490.15,37.14,6095.6224,94591.6020896,93776.157244,97853.381472,8063.384,8211.336,22.700000762939453,72.34500122070312,0.8565599918365479,0.0946423370052146,13.467474937438965,32.01028060913086,6.84689998626709,11.800000190734863,70.80000305175781
2018-09-21,117.78148725469734,117.78244805424806,193.57824480518937,0.4790642242953983,151740.12,850.84,2323.0,135490.15,37.14,6095.6224,94591.6020896,93776.157244,97853.381472,8063.384,8211.336,22.735000610351562,72.7699966430664,0.851170003414154,0.09449086684662703,13.533735275268555,31.03641700744629,6.876100063323975,12.40999984741211,72.12000274658203
2018-09-28,117.48784735651955,117.48502898715839,193.08942951963598,0.45841895682308553,150426.9,855.69,2323.0,135490.15,37.14,6095.6224,94591.6020896,93776.157244,97853.381472,8063.384,8211.336,22.940000534057617,73.8499984741211,0.8713600039482117,0.09299661987213101,13.980993270874023,30.991533279418945,6.867800235748291,14.220000267028809,74.33000183105469
2018-10-05,119.92339572640265,119.92250062055906,197.09547191687687,0.4992554892410363,158273.535,849.64,2323.0,135490.15,37.14,6095.6224,94591.6020896,93776.157244,97853.381472,8063.384,8211.336,21.825000762939453,74.5999984741211,0.8670499920845032,0.09280562910115357,13.616560935974121,29.897062301635742,6.923299789428711,24.979999542236328,70.97000122070312
2018-10-12,117.78737300034533,117.7875471318617,193.58662526009485,0.520469256150622,154240.3625,800.29,2323.0,135490.15,37.14,6095.6224,94591.6020896,93776.157244,97853.381472,8063.384,8211.336,23.149999618530273,73.91999816894531,0.8694999814033508,0.09369994886775102,13.674539566040039,30.006519317626953,6.926300048828125,20.059999465942383,68.6500015258789
2018-10-19,114.80888052766824,114.81112021412318,188.69479707987762,0.6089884058405397,147006.8125,788.35,2323.0,135490.15,37.14,6095.6224,94591.6020896,93776.157244,97853.381472,8063.384,8211.336,22.209999084472656,73.22049713134766,0.8772500157356262,0.09482317263201709,13.674539566040039,27.936153411865234,6.942999839782715,24.219999313354492,67.33000183105469
2018-10-26,114.77049365811578,114.7706629152744,188.62830455038716,0.5397030074847164,147598.14,774.94,2328.25,135490.15,37.14,6095.6224,94591.6020896,93776.157244,97853.381472,8063.384,8211.336,21.375,74.06999969482422,0.883650004863739,0.09416362903607876,13.409497261047363,28.592836380004883,6.974699974060059,19.34000015258789,63.689998626708984
2018-11-02,114.1002597807076,114.09707775521872,187.52125137595877,0.4951133077549687,142670.58,836.98,2328.25,135490.15,37.14,6095.6224,94591.6020896,93776.157244,97853.381472,8063.384,8211.336,21.375,72.37999725341797,0.8745800256729126,0.0954683629390485,13.384648323059082,28.829965591430664,6.909999847412109,16.719999313354492,60.66999816894531
2018-11-09,113.20691504284773,113.20631389129578,186.05725985461874,0.4648441617460137,141227.28,841.73,2328.25,135490.15,37.14,6095.6224,94591.6020896,93776.157244,97853.381472,8063.384,8211.336,16.06999969482422,72.4000015258789,0.8840299844741821,0.095987568195607,13.426060676574707,28.228008270263672,6.94950008392334,19.979999542236328,56.459999084472656
2018-11-16,112.82657927759809,112.8250537205386,185.43064972816504,0.4454553373429928,138777.44,875.58,2328.25,135490.15,37.14,6095.6224,94591.6020896,93776.157244,97853.381472,8063.384,8211.336,15.890000343322754,71.29499816894531,0.8780900239944458,0.09714846890822516,13.542017936706543,27.1335506439209,6.926199913024902,20.799999237060547,54.630001068115234
2018-11-23,112.79186655807924,112.79003575417306,185.3730968705222,0.44311495084657465,138574.2,877.19,2332.5,135490.15,37.14,6095.6224,94591.6020896,93776.157244,97853.381472,8063.384,8211.336,16.75,70.5999984741211,0.8796200156211853,0.09848300400900827,13.310104370117188,26.440387725830078,6.952899932861328,18.790000915527344,51.45000076293945
2018-11-30,112.30019404545814,112.29352906072698,184.55707635270232,0.2592714000329977,136322.46250000002,898.09,2332.5,135490.15,37.14,6095.6224,94591.6020896,93776.157244,97853.381472,8063.384,8211.336,16.402000427246094,70.87000274658203,0.8811299800872803,0.09673768711768337,13.542017936706543,25.893159866333008,6.855800151824951,21.190000534057617,51.4900016784668
2018-12-07,113.26852778656564,113.26921098167072,186.16063271330248,0.28361446883233526,138177.0,909.33,2332.5,135490.15,37.14,6095.6224,94591.6020896,93776.157244,97853.381472,8063.384,8211.336,18.540000915527344,72.1500015258789,0.8792399764060974,0.09534303591604844,13.450909614562988,25.318561553955078,6.879000186920166,20.649999618530273,52.58000183105469
2018-12-14,112.76641732460679,112.76633320689301,185.33414117232027,0.15769132345179906,137798.72,896.64,2332.5,135490.15,37.14,6095.6224,94591.6020896,93776.157244,97853.381472,8063.384,8211.336,18.209999084472656,70.68550109863281,0.878000020980835,0.09748816499572277,13.301822662353516,23.986968994140625,6.890999794006348,28.3799991607666,45.880001068115234
2018-12-21,111.21256877989633,111.21268911006051,182.78069027802184,0.19378264415209737,133801.76,887.76,2332.5,135490.15,37.14,6095.6224,94591.6020896,93776.157244,97853.381472,8063.384,8211.336,18.614999771118164,70.1500015258789,0.8801800012588501,0.09833356734352876,12.912541389465332,24.069049835205078,6.898099899291992,29.959999084472656,44.61000061035156
2018-12-28,109.40807872825164,109.41240816169201,179.8218858729641,0.2396382659270554,129131.2845,882.53,2332.5,135490.15,37.14,6095.6224,94591.6020896,93776.157244,97853.381472,8063.384,8211.336,18.170000076293945,69.95999908447266,0.8835399746894836,0.0980717593843294,12.769660949707031,23.803024291992188,6.861100196838379,25.450000762939453,47.09000015258789
2019-01-04,110.05900657720542,110.044961130369,180.86150166840423,0.2722374676480042,130388.8625,885.99,2332.5,135490.15,37.14,6095.6224,94591.6020896,93776.157244,97853.381472,8063.384,8211.336,17.920000076293945,70.55049896240234,0.8654299974441528,0.09660597754100975,12.94631576538086,26.017684936523438,6.8155999183654785,19.5,52.59000015258789
2019-01-11,110.95342738217441,110.95172192790716,182.351784529266,0.3096023937701401,131665.90875,912.22,2332.5,135490.15,37.14,6095.6224,94591.6020896,93776.157244,97853.381472,8063.384,8211.336,17.110000610351562,71.36499786376953,0.8773400187492371,0.09466825816717185,13.240740776062012,26.347135543823242,6.75600004196167,18.059999465942383,52.06999969482422
2019-01-18,111.49236095516932,111.49248240771107,183.24053719377372,0.3258945920422079,133269.51499999998,910.63,2332.5,135490.15,37.14,6095.6224,94591.6020896,93776.157244,97853.381472,8063.384,8211.336,17.270000457763672,71.15730285644531,0.8780999779701233,0.09543644315719345,13.350098609924316,26.008533477783203,6.790999889373779,18.889999389648438,53.130001068115234
2019-01-25,112.94673256930733,112.9485598356267,185.63363495539048,0.3714032384652012,135866.115,941.48,2332.5,135490.15,37.14,6095.6224,94591.6020896,93776.157244,97853.381472,8063.384,8211.336,15.095000267028809,71.12000274658203,0.8705000281333923,0.0944249102712247,13.770709037780762,28.104223251342773,6.7154998779296875,16.56999969482422,53.790000915527344
2019-02-01,111.59604802369499,111.59664714258467,183.41173440422855,0.38676382497297457,134154.93,911.41,2332.5,135490.15,37.14,6095.6224,94591.6020896,93776.157244,97853.381472,8063.384,8211.336,12.859999656677246,71.54049682617188,0.8798199892044067,0.09426549244633807,13.762295722961426,27.32634735107422,6.743800163269043,16.3700008392334,52.63999938964844
2019-02-08,112.60777570238787,112.6126464478785,185.08155334152463,0.41221318305940496,136016.55,941.37,2332.5,135490.15,37.14,6095.6224,94591.6020896,93776.157244,97853.381472,8063.384,8211.336,11.020000457763672,70.86509704589844,0.8877099752426147,0.09538404902523868,13.33327579498291,27.738162994384766,6.759399890899658,16.219999313354492,54.40999984741211
2019-02-15,111.09769074706965,111.09830035803388,182.5926896530682,0.41392519577458753,131817.84,949.33,2225.0,135490.15,37.14,6095.6224,94591.6020896,93776.157244,97853.381472,8063.384,8211.336,11.1899995803833,71.30000305175781,0.8813400268554688,0.09425385567836078,13.80435562133789,29.092588424682617,6.720300197601318,14.460000038146973,56.959999084472656
2019-02-22,111.26578830448236,111.26614354638663,182.86854391098672,0.33987754596286157,132350.625,952.09,2225.0,135490.15,37.14,6095.6224,94591.6020896,93776.157244,97853.381472,8063.384,8211.336,10.925000190734863,71.19000244140625,0.8787199854850769,0.09392049322256972,14.039896011352539,28.3238582611084,6.686200141906738,14.779999732971191,57.220001220703125
2019-03-01,112.12322611539838,112.12475685858836,184.2796952386092,0.3448678343781649,135982.75,936.86,2225.0,135490.15,37.14,6095.6224,94591.6020896,93776.157244,97853.381472,8063.384,8211.336,10.710000038146973,70.36499786376953,0.8838599920272827,0.09537269997167905,13.812768936157227,26.80471420288086,6.710899829864502,16.59000015258789,56.65999984741211
2019-03-08,110.31919524409922,110.32139446624781,181.3158264073536,0.40491848719423434,131728.1875,921.69,2225.0,135490.15,37.14,6095.6224,94591.6020896,93776.157244,97853.381472,8063.384,8211.336,9.574000358581543,69.72630310058594,0.8825299739837646,0.09617747806390581,14.056720733642578,27.060958862304688,6.706099987030029,13.5,58.61000061035156
2019-03-15,110.23490942419069,110.2330786008917,181.1706771895668,0.3959004565928545,130305.58849999998,936.16,2225.0,135490.15,37.14,6095.6224,94591.6020896,93776.157244,97853.381472,8063.384,8211.336,10.96500015258789,68.82499694824219,0.8750500082969666,0.09725536468532446,14.14084243774414,27.719867706298828,6.693600177764893,13.630000114440918,59.97999954223633
2019-03-22,110.64496825158083,110.64629452716208,181.84980735755354,0.34627205457821103,134303.19,882.18,2225.0,135490.15,37.14,6095.6224,94591.6020896,93776.157244,97853.381472,8063.384,8211.336,10.442999839782715,69.37000274658203,0.8887500166893005,0.09696122008578434,14.132430076599121,27.191579818725586,6.726200103759766,14.430000305175781,59.29999923706055
2019-03-29,109.36970033361912,109.36844024202017,179.7496235549497,0.3436659101523856,131946.44999999998,855.82,2225.0,135490.15,37.14,6095.6224,94591.6020896,93776.157244,97853.381472,8063.384,8211.336,9.359000205993652,68.8499984741211,0.8891299962997437,0.09733333263011135,14.30908489227295,28.175844192504883,6.701399803161621,13.579999923706055,62.099998474121094
2019-04-05,109.19300200951717,109.19186812435389,179.45942309482993,0.3027107292778678,130350.865,882.09,2225.0,135490.15,37.14,6095.6224,94591.6020896,93776.157244,97853.381472,8063.384,8211.336,9.545000076293945,69.14019775390625,0.8867999911308289,0.09712729261737021,14.115606307983398,27.403154373168945,6.715400218963623,13.020000457763672,63.58000183105469
2019-04-12,108.5108629848856,108.5115513131335,178.34130629217313,0.28129750858310854,128446.125,883.69,2225.0,135490.15,37.14,6095.6224,94591.6020896,93776.157244,97853.381472,8063.384,8211.336,9.664999961853027,69.4010009765625,0.8851799964904785,0.09635595993189604,14.0230712890625,26.96160316467285,6.68720006942749,12.09000015258789,64.0
2019-04-19,108.84927101163815,108.84848648005743,178.89506722433035,0.2905606804704074,129595.1625,877.72,2225.0,135490.15,37.14,6095.6224,94591.6020896,93776.157244,97853.381472,8063.384,8211.336,10.725000381469727,70.0958023071289,0.8965799808502197,0.09588163395580286,13.812768936157227,26.391284942626953,6.720900058746338,13.25,65.20999908447266
2019-04-26,109.08428581325394,109.08492155395015,179.2836538717522,0.261798114502718,130086.165,882.08,2225.0,135490.15,37.14,6095.6224,94591.6020896,93776.157244,97853.381472,8063.384,8211.336,11.406000137329102,69.63289642333984,0.8927900195121765,0.09670716790174787,13.602463722229004,25.848556518554688,6.734000205993652,14.420000076293945,61.810001373291016
2019-05-03,106.78641958587136,106.78623587077848,175.50570947292084,0.315800498731519,123645.5025,876.9,2225.0,135490.15,37.14,6095.6224,94591.6020896,93776.157244,97853.381472,8063.384,8211.336,12.25100040435791,70.01000213623047,0.892989993095398,0.09687187341540257,13.324862480163574,25.89455223083496,6.7820000648498535,19.100000381469727,61.70000076293945
2019-05-10,106.19987710475336,106.20038948621401,174.54285705540934,0.3119838291632385,124746.51,822.36,2225.0,135490.15,37.14,6095.6224,94591.6020896,93776.157244,97853.381472,8063.384,8211.336,12.25,70.20919799804688,0.8922799825668335,0.09792448839627282,13.417396545410156,25.149444580078125,6.875199794769287,15.289999961853027,62.869998931884766
2019-05-17,107.48731248650049,107.48439138979059,176.6531446146083,0.39768522162846803,129139.5,818.53,2225.0,135490.15,37.14,6095.6224,94591.6020896,93776.157244,97853.381472,8063.384,8211.336,12.024999618530273,69.97250366210938,0.8964200019836426,0.09868733342162174,12.988374710083008,23.493669509887695,6.905399799346924,16.920000076293945,57.90999984741211
2019-05-24,105.91879758386968,105.91888546653864,174.08019852746583,0.43100208764333836,125104.77525,812.16,2225.0,135490.15,37.14,6095.6224,94591.6020896,93776.157244,97853.381472,8063.384,8211.336,12.204999923706055,69.81500244140625,0.8978800177574158,0.09902456393796522,12.979964256286621,22.74856948852539,6.913400173187256,17.299999237060547,56.59000015258789
2019-05-31,106.84950319136486,106.84927127360191,175.60930965139164,0.5319373076267424,124774.335,869.76,2225.0,135490.15,37.14,6095.6224,94591.6020896,93776.157244,97853.381472,8063.384,8211.336,12.25,69.625,0.8905500173568726,0.09921867329371073,12.853781700134277,23.70524024963379,6.908100128173828,15.930000305175781,52.59000015258789
2019-06-07,106.45842267425188,106.45816496156432,174.96651715839135,0.5303847574244219,123511.2075,869.12,2225.0,135490.15,37.14,6095.6224,94591.6020896,93776.157244,97853.381472,8063.384,8211.336,12.295000076293945,69.69999694824219,0.8852999806404114,0.0992381701675766,12.836956977844238,24.523929595947266,6.916900157928467,15.819999694824219,52.279998779296875
2019-06-14,106.18501853668516,106.18783953818557,174.52223091839252,0.5157346187415303,122661.6645,863.61,2225.0,135490.15,37.14,6095.6224,94591.6020896,93776.157244,97853.381472,8063.384,8211.336,12.385000228881836,69.87000274658203,0.8898000121116638,0.09879346895540314,12.904255867004395,25.793363571166992,6.902699947357178,14.75,56.650001525878906
2019-06-21,104.59667267469409,104.59637025547951,171.90661343465914,0.5721297981523901,122185.1125,853.51,1820.0,135490.15,37.14,6095.6224,94591.6020896,93776.157244,97853.381472,8063.384,8211.336,12.6899995803833,69.60250091552734,0.8791400194168091,0.0988340900873113,13.022024154663086,25.655384063720703,6.8790998458862305,15.819999694824219,59.43000030517578
2019-06-28,104.923248920683,104.92327761135928,172.4438934217075,0.3981091875246613,124127.2375,834.26,1794.0,135490.15,37.14,6095.6224,94591.6020896,93776.157244,97853.381472,8063.384,8211.336,13.149999618530273,69.00749969482422,0.8859000205993652,0.09970220540574866,12.87901782989502,25.980539321899414,6.880199909210205,12.569999694824219,57.34000015258789
2019-07-05,105.32585216924743,105.33890940550697,173.12699412580633,0.4108885903697139,123244.225,857.27,1865.0,135490.15,37.14,6095.6224,94591.6020896,93776.157244,97853.381472,8063.384,8211.336,14.899999618530273,68.36759948730469,0.888189971446991,0.10051837513152154,12.86219310760498,25.384563446044922,6.872200012207031,12.930000305175781,60.20000076293945
2019-07-12,106.03486032448839,106.03372473171922,174.26893958146508,0.32234228860318537,124659.22,855.85,1863.0,135490.15,37.14,6095.6224,94591.6020896,93776.157244,97853.381472,8063.384,8211.336,16.604999542236328,68.78600311279297,0.890500009059906,0.09991567415223049,13.080910682678223,26.325084686279297,6.872799873352051,13.529999732971191,55.29999923706055
2019-07-19,106.9241190595884,106.92252534938109,175.72970446104637,0.23475733542159163,127002.5,851.8,1880.0,135490.15,37.14,6095.6224,94591.6020896,93776.157244,97853.381472,8063.384,8211.336,17.565000534057617,69.18499755859375,0.8974699974060059,0.0993206657171578,12.963139533996582,26.436826705932617,6.871500015258789,12.739999771118164,56.02000045776367
2019-07-26,105.47554176095815,105.47629868363623,173.352796660519,0.30816501507651556,124052.88,845.79,1842.0,135490.15,37.14,6095.6224,94591.6020896,93776.157244,97853.381472,8063.384,8211.336,16.594999313354492,69.40499877929688,0.9031999707221985,0.09917729391752411,12.67712688446045,25.328691482543945,6.883399963378906,17.8700008392334,53.95000076293945
2019-08-02,105.58096637738942,105.58183392720377,173.52624633449324,0.3121233836363833,124360.60625,851.8,1848.25,135490.15,37.14,6095.6224,94591.6020896,93776.157244,97853.381472,8063.384,8211.336,15.574999809265137,71.16510009765625,0.8925099968910217,0.09919328633383462,12.458410263061523,24.928279876708984,7.059100151062012,16.90999984741211,52.540000915527344
2019-08-09,105.24156983551921,105.24225566658515,172.96814141520784,0.31884738706483057,125003.55000000002,822.07,1845.5,135490.15,37.14,6095.6224,94591.6020896,93776.157244,97853.381472,8063.384,8211.336,17.079999923706055,71.63520050048828,0.8974000215530396,0.09804537317546567,12.374288558959961,22.89826011657715,7.023499965667725,21.18000030517578,54.470001220703125
2019-08-16,105.59410542925684,105.5944537585645,173.54698732642285,0.1823438778252747,126820.51350000002,801.58,1821.0,135490.15,37.14,6095.6224,94591.6020896,93776.157244,97853.381472,8063.384,8211.336,18.184999465942383,71.43779754638672,0.9016500115394592,0.0988608286742335,12.290166854858398,23.52216339111328,7.062399864196777,16.68000030517578,55.349998474121094
2019-08-23,105.79692712381524,105.79809369832735,173.88167439366205,0.19020654344585639,126613.7665,821.16,1759.0,135490.15,37.14,6095.6224,94591.6020896,93776.157244,97853.381472,8063.384,8211.336,19.5310001373291,72.08499908447266,0.9020500183105469,0.09926198558866142,12.264930725097656,23.633901596069336,7.155300140380859,17.8799991607666,56.709999084472656
2019-08-30,105.22186911145565,105.22004174441477,172.93163230765387,0.21454872252149843,125114.203,801.38,1785.0,135490.15,37.14,6095.6224,94591.6020896,93776.157244,97853.381472,8063.384,8211.336,21.135000228881836,71.95570373535156,0.9062100052833557,0.09929859268571196,12.626653671264648,24.071575164794922,7.145100116729736,16.270000457763672,56.29999923706055
2019-09-06,106.71431248646624,106.7155616402923,175.38955470014713,0.32580442945311594,127600.5025,830.62,1798.25,135490.15,37.14,6095.6224,94591.6020896,93776.157244,97853.381472,8063.384,8211.336,20.450000762939453,71.56009674072266,0.9079800248146057,0.09943809787670126,12.643477439880371,25.747739791870117,7.115799903869629,14.220000267028809,55.09000015258789
2019-09-13,106.98100714837352,106.98042102832969,175.82485738151814,0.2903831760841975,128110.17875,836.76,1798.75,135490.15,37.14,6095.6224,94591.6020896,93776.157244,97853.381472,8063.384,8211.336,21.114999771118164,71.5425033569336,0.906499981880188,0.09903203977501428,12.54253101348877,25.03070831298828,7.085000038146973,14.050000190734863,58.130001068115234
2019-09-20,106.27946319819256,106.28011120779904,174.6738815942283,0.19547637441131152,127029.3975,837.34,1750.5,135490.15,37.14,6095.6224,94591.6020896,93776.157244,97853.381472,8063.384,8211.336,20.010000228881836,71.30999755859375,0.9129999876022339,0.09999719554605252,12.3406400680542,24.00638771057129,7.130799770355225,16.06999969482422,56.40999984741211
2019-09-27,103.75115520482525,103.7463223832004,170.5095396105492,0.5851733302741331,122333.115,801.73,1711.5,135490.15,37.14,6095.6224,94591.6020896,93776.157244,97853.381472,8063.384,8211.336,18.924999237060547,71.1416015625,0.9121000170707703,0.10047004870378616,12.231281280517578,23.41868782043457,7.147600173950195,19.1200008392334,52.45000076293945
2019-10-04,103.53329191220034,103.53267617505897,170.15840700408262,0.5920985986354946,121310.75,791.94,1752.0,135490.15,37.14,6095.6224,94591.6020896,93776.157244,97853.381472,8063.384,8211.336,20.405000686645508,71.41000366210938,0.910099983215332,0.0998655614412397,12.525708198547363,23.829870223999023,7.131400108337402,17.56999969482422,53.54999923706055
2019-10-11,103.90828717561011,103.90882574424775,170.77661773573814,0.60453518281991,122131.128,795.22,1731.75,135490.15,37.14,6095.6224,94591.6020896,93776.157244,97853.381472,8063.384,8211.336,21.19499969482422,71.62000274658203,0.9029399752616882,0.09903238945096374,12.65188980102539,24.17563819885254,7.092700004577637,13.789999961853027,53.93000030517578
2019-10-18,104.30699257132157,104.30542153970512,171.42843232483884,0.6403764887679158,123552.0,789.14,1735.0,135490.15,37.14,6095.6224,94591.6020896,93776.157244,97853.381472,8063.384,8211.336,20.479999542236328,70.71499633789062,0.8982800245285034,0.09990243027078342,12.836956977844238,24.717655181884766,7.064599990844727,13.710000038146973,56.22999954223633
2019-10-25,104.10536641920477,104.10565268269215,171.10010747384322,0.6483143486436603,122376.96,800.31,1763.0,135490.15,37.14,6095.6224,94591.6020896,93776.157244,97853.381472,8063.384,8211.336,19.815000534057617,70.98999786376953,0.8964999914169312,0.09937174502571039,12.845369338989258,24.586820602416992,7.0543999671936035,13.220000267028809,54.18000030517578
2019-11-01,104.95007633362687,104.95345391365501,172.4934888897048,0.5317527851358546,124341.06,801.43,1816.5,135490.15,37.14,6095.6224,94591.6020896,93776.157244,97853.381472,8063.384,8211.336,18.1200008392334,71.0,0.9033100008964539,0.09855211284659829,13.072498321533203,25.670841217041016,6.997200012207031,12.729999542236328,57.150001525878906
2019-11-08,106.35020026530034,106.34989223637778,174.7885683684984,0.7147739525955343,128983.2,814.13,1750.5,135490.15,37.14,6095.6224,94591.6020896,93776.157244,97853.381472,8063.384,8211.336,16.2450008392334,72.1415023803711,0.9079999923706055,0.09734480073378153,12.643477439880371,25.04472541809082,7.022600173950195,13.050000190734863,56.77000045776367
2019-11-15,105.39907021395726,105.39763691713185,173.22351418299587,0.7496906409676146,127344.75,790.2,1754.0,135490.15,37.14,6095.6224,94591.6020896,93776.157244,97853.381472,8063.384,8211.336,16.774999618530273,71.76820373535156,0.9026200175285339,0.09802390865536999,12.517295837402344,25.016693115234375,7.034999847412109,13.130000114440918,58.58000183105469
2019-11-22,104.8832047799376,104.88225196040561,172.37646679206279,0.21218652824986659,124846.288,798.53,1785.25,135490.15,37.14,6095.6224,94591.6020896,93776.157244,97853.381472,8063.384,8211.336,17.094999313354492,71.22810363769531,0.9086899757385254,0.09866751829604589,12.65188980102539,25.951189041137695,7.027900218963623,11.75,58.11000061035156
2019-11-29,105.20609106533715,105.20614063636351,172.90878550711724,0.20696281481656714,125304.44,804.73,1764.75,135490.15,37.14,6095.6224,94591.6020896,93776.157244,97853.381472,8063.384,8211.336,18.329999923706055,71.4801025390625,0.9022799730300903,0.09861345852798947,12.424762725830078,26.51189613342285,7.048900127410889,14.520000457763672,58.43000030517578
2019-12-06,105.69914184205132,105.70113917585857,173.72232733817557,0.21950539652250994,125814.495,812.92,1786.75,135490.15,37.14,6095.6224,94591.6020896,93776.157244,97853.381472,8063.384,8211.336,18.204999923706055,70.72930145263672,0.8980000019073486,0.09950331320348721,12.761247634887695,27.58658218383789,7.037799835205078,13.9399995803833,59.18000030517578
2019-12-13,105.25018875343235,105.25077980324882,172.98215103583544,0.2342349801284247,124271.55,821.86,1807.25,135490.15,37.14,6095.6224,94591.6020896,93776.157244,97853.381472,8063.384,8211.336,16.9950008392334,70.98989868164062,0.8996099829673767,0.09866192679371825,12.954728126525879,27.063247680664062,7.004000186920166,12.5,61.220001220703125
2019-12-20,106.52159412241636,106.52240092259579,175.07209048273015,0.3205156395319712,127908.0,827.88,1823.0,135490.15,37.14,6095.6224,94591.6020896,93776.157244,97853.381472,8063.384,8211.336,15.225000381469727,71.54000091552734,0.9012699723243713,0.0976838098562942,12.626653671264648,27.371639251708984,6.98829984664917,12.649999618530273,61.68000030517578
2019-12-27,107.27687759232586,107.27638093533434,176.31127450288992,0.3071165095798071,130405.375,821.4,1812.5,135490.15,37.14,6095.6224,94591.6020896,93776.157244,97853.381472,8063.384,8211.336,15.289999961853027,71.0250015258789,0.8912000060081482,0.0980246394244726,12.931453704833984,27.367334365844727,6.962200164794922,12.470000267028809,61.18000030517578
2020-01-03,105.63417177902059,105.63491140238918,173.61348042288938,0.4433815642791324,129152.55,821.34,1803.5,135490.15,37.14,6095.6224,94591.6020896,93776.157244,97853.381472,8063.384,8211.336,13.050000190734863,71.41190338134766,0.8998299837112427,0.09725549435708573,12.982836723327637,26.10971450805664,6.945199966430664,12.539999961853027,59.560001373291016
2020-01-10,105.57815664632164,105.57827900006669,173.52040372749212,0.3542897233220596,128153.76,832.61,1811.0,135490.15,37.14,6095.6224,94591.6020896,93776.157244,97853.381472,8063.384,8211.336,13.845000267028809,70.71800231933594,0.8965389728546143,0.09742639562281656,13.13698673248291,26.20356559753418,6.889800071716309,12.319999694824219,58.52000045776367
2020-01-17,104.87766639206309,104.8791856943108,172.37142731106587,0.38302879341322826,127136.58,832.54,1792.5,135490.15,37.14,6095.6224,94591.6020896,93776.157244,97853.381472,8063.384,8211.336,12.104999542236328,71.0781021118164,0.9011899828910828,0.09715650814361565,12.837250709533691,24.75824546813965,6.905700206756592,12.979999542236328,55.59000015258789
2020-01-24,104.56490275005025,104.56271316851917,171.85129721457142,0.38289515821331765,127038.73,836.39,1751.75,135490.15,37.14,6095.6224,94591.6020896,93776.157244,97853.381472,8063.384,8211.336,11.135000228881836,71.30000305175781,0.9077000021934509,0.09727488980043623,12.143577575683594,23.8291015625,6.935699939727783,15.489999771118164,52.13999938964844
2020-01-31,104.21334269480775,104.21414780259327,171.27842177472036,0.3515400501450556,126037.8,835.17,1757.0,135490.15,37.14,6095.6224,94591.6020896,93776.157244,97853.381472,8063.384,8211.336,9.819999694824219,71.18000030517578,0.9089000225067139,0.0979600976115708,12.229214668273926,25.049182891845703,6.972799777984619,14.960000038146973,50.95000076293945
2020-02-07,102.50183014722208,102.50674425063637,168.47226357184672,0.5952476262558901,123434.89,794.2,1754.75,135490.15,37.14,6095.6224,94591.6020896,93776.157244,97853.381472,8063.384,8211.336,9.225000381469727,71.29620361328125,0.9194599986076355,0.0977751947672177,12.229214668273926,24.429759979248047,6.9710001945495605,14.149999618530273,51.41999816894531
2020-02-14,101.56273348051883,101.56587940603502,166.9259299013753,0.277704456728408,121335.58000000002,792.4,1709.5,135490.15,37.14,6095.6224,94591.6020896,93776.157244,97853.381472,8063.384,8211.336,9.225000381469727,71.82749938964844,0.9250609874725342,0.09741672857287344,12.015117645263672,24.204511642456055,6.997200012207031,15.5600004196167,53.779998779296875
2020-02-21,101.72085093681767,101.71900100221792,167.17758887366296,0.1607204870194347,123166.38,785.76,1683.75,135490.15,37.14,6095.6224,94591.6020896,93776.157244,97853.381472,8063.384,8211.336,9.010000228881836,71.66339874267578,0.9186199903488159,0.0982342491494655,11.749638557434082,21.173086166381836,7.03980016708374,39.15999984741211,47.09000015258789
2020-02-28,101.09453569579345,101.09083146020899,166.14517734383838,0.10378345180165775,122217.565,771.45,1709.25,135490.15,37.14,6095.6224,94591.6020896,93776.157244,97853.381472,8063.384,8211.336,8.1899995803833,74.0425033569336,0.8977400064468384,0.09407299730658399,11.809585571289062,20.72259521484375,6.965400218963623,39.619998931884766,45.900001525878906
2020-03-06,101.08972195442581,101.09233370589395,166.14764632022462,0.11836004973427369,124696.74,731.49,1655.5,135490.15,37.14,6095.6224,94591.6020896,93776.157244,97853.381472,8063.384,8211.336,8.25,74.76000213623047,0.8879799842834473,0.09309255982893237,11.407082557678223,14.809894561767578,6.95959997177124,75.47000122070312,31.5
2020-03-13,100.4883720986313,100.48537459426834,165.15009463541938,0.12819615000049034,125168.652,704.29,1625.5,135490.15,37.14,6095.6224,94591.6020896,93776.157244,97853.381472,8063.384,8211.336,6.840000152587891,74.98200225830078,0.9122800230979919,0.0939745519974614,10.602079391479492,14.284322738647461,7.04640007019043,72.0,25.219999313354492
2020-03-20,97.35468512770673,97.35912973113702,160.0120371112841,0.7413115576417141,119281.218,657.98,1530.75,135490.15,37.14,6095.6224,94591.6020896,93776.157244,97853.381472,8063.384,8211.336,5.820000171661377,75.84549713134766,0.9183099865913391,0.09378935318787368,10.5078763961792,15.523171424865723,7.113500118255615,61.0,22.600000381469727
2020-03-27,96.29482274344531,96.28600791214812,158.24833596893438,0.7127284363934324,117426.5625,644.74,1492.5,135490.15,37.14,6095.6224,94591.6020896,93776.157244,97853.381472,8063.384,8211.336,5.400000095367432,77.56999969482422,0.9129400253295898,0.09152120582084389,10.5078763961792,15.213748931884766,7.099299907684326,50.90999984741211,25.31999969482422
2020-04-03,96.09731861844418,96.09781677929176,157.93903938198065,0.6990616199061118,113912.4,695.71,1460.25,135490.15,37.14,6095.6224,94591.6020896,93776.157244,97853.381472,8063.384,8211.336,6.239999771118164,75.95899963378906,0.9204999804496765,0.0930093860554415,10.567822456359863,17.535451889038086,7.064899921417236,41.66999816894531,22.760000228881836
2020-04-10,95.84322989729593,95.85296606775692,157.53662143464453,0.7106119740307254,111765.4875,715.55,1499.5,135490.15,37.14,6095.6224,94591.6020896,93776.157244,97853.381472,8063.384,8211.336,7.349999904632568,77.2125015258789,0.9170020222663879,0.0915201560262907,10.739100456237793,16.619977951049805,7.066500186920166,40.11000061035156,19.8700008392334
2020-04-17,97.275643810799,97.25765805847048,159.8452660123918,0.8956547469074856,115360.85,723.95,1501.25,135490.15,37.14,6095.6224,94591.6020896,93776.157244,97853.381472,8063.384,8211.336,7.25,76.4000015258789,0.9251000285148621,0.09271072906431252,10.662025451660156,16.978614807128906,7.083099842071533,41.380001068115234,16.5
2020-04-24,97.04498086961529,97.0399126546007,159.48739628059528,0.8851990708289464,114731.2375,725.66,1491.25,135490.15,37.14,6095.6224,94591.6020896,93776.157244,97853.381472,8063.384,8211.336,6.019999980926514,75.25849914550781,0.9193500280380249,0.094014628990501,10.687716484069824,18.243282318115234,7.075399875640869,34.150001525878906,18.84000015258789
2020-05-01,96.31859947619901,96.31950984172776,158.30339718418972,0.8648269424255371,112638.763,730.82,1479.25,135490.15,37.14,6095.6224,94591.6020896,93776.157244,97853.381472,8063.384,8211.336,5.349999904632568,76.15129852294922,0.9260500073432922,0.09328271694464874,10.850431442260742,18.016773223876953,7.103600025177002,31.440000534057617,23.549999237060547
2020-05-08,95.92715476803215,95.92442925561072,157.65407287755008,0.8540565869096793,112554.09,718.99,1467.5,135490.15,37.14,6095.6224,94591.6020896,93776.157244,97853.381472,8063.384,8211.336,4.599999904632568,75.42620086669922,0.9239000082015991,0.09401640184847167,10.824740409851074,17.37500762939453,7.091300010681152,32.61000061035156,27.559999465942383
2020-05-15,95.69406933681532,95.73465610454122,157.34217620616943,0.29936364444744074,111540.2,712.28,1506.75,135490.15,37.14,6095.6224,94591.6020896,93776.157244,97853.381472,8063.384,8211.336,4.170000076293945,75.77999877929688,0.9104999899864197,0.09359330065933479,10.987454414367676,19.215375900268555,7.09250020980835,29.530000686645508,33.91999816894531
2020-05-22,96.74757783772232,96.74085809884873,158.99589303066455,0.3411387679004562,114418.675,704.76,1530.75,135490.15,37.14,6095.6224,94591.6020896,93776.157244,97853.381472,8063.384,8211.336,4.880000114440918,76.12999725341797,0.9077000021934509,0.09415736601259031,10.850431442260742,19.781641006469727,7.1682000160217285,28.59000015258789,33.709999084472656
2020-05-29,97.46505037065575,97.46466656611211,160.18548940077434,0.3761603842592472,115778.0,707.0,1569.25,135490.15,37.14,6095.6224,94591.6020896,93776.157244,97853.381472,8063.384,8211.336,4.650000095367432,75.54499816894531,0.8899999856948853,0.09417830449264811,11.227241516113281,20.88587188720703,7.114699840545654,25.809999465942383,37.40999984741211
2020-06-05,99.19149783358439,99.18476430204483,163.01251079586262,0.5646323751734937,120253.74,713.22,1604.0,135490.15,37.14,6095.6224,94591.6020896,93776.157244,97853.381472,8063.384,8211.336,5.449999809265137,75.875,0.879859983921051,0.09304777519191423,11.270061492919922,19.479637145996094,7.059999942779541,40.790000915527344,36.34000015258789
2020-06-12,99.6883816167523,99.67648729157165,163.82066918291807,0.44514705346276534,121223.2775,712.87,1607.75,135490.15,37.14,6095.6224,94591.6020896,93776.157244,97853.381472,8063.384,8211.336,6.360000133514404,76.55000305175781,0.8894500136375427,0.0925473488366215,11.5269775390625,19.88546371459961,7.084499835968018,32.939998626708984,38.84000015258789
2020-06-19,99.39387228310552,99.40113786244443,163.3681258704034,0.45874437247561856,121405.92,696.5,1563.25,135490.15,37.14,6095.6224,94591.6020896,93776.157244,97853.381472,8063.384,8211.336,7.275000095367432,75.97000122070312,0.8888199925422668,0.09315782311572834,11.569796562194824,19.677831649780273,7.077199935913086,32.220001220703125,38.720001220703125
2020-06-26,99.55232983674212,99.55072544192583,163.61397660248642,0.33369090821606856,120427.285,713.36,1617.75,135490.15,37.14,6095.6224,94591.6020896,93776.157244,97853.381472,8063.384,8211.336,7.610000133514404,75.45490264892578,0.8887799978256226,0.09369967467096581,11.723946571350098,19.690675735473633,7.070099830627441,27.68000030517578,40.650001525878906
2020-07-03,99.62744105834399,99.62832310102499,163.74151019426986,0.2771990928730896,120462.504,711.33,1635.75,135490.15,37.14,6095.6224,94591.6020896,93776.157244,97853.381472,8063.384,8211.336,8.050000190734863,74.93990325927734,0.8819000124931335,0.09345488424794227,12.092192649841309,19.48210906982422,7.003499984741211,29.260000228881836,39.619998931884766
2020-07-10,101.94227996616243,101.94121448926204,167.54280200604944,0.5037597739652113,124783.425,747.58,1629.75,135490.15,37.14,6095.6224,94591.6020896,93776.157244,97853.381472,8063.384,8211.336,8.489999771118164,75.1249008178711,0.875872015953064,0.09301576501452184,12.340546607971191,21.226491928100586,6.987800121307373,28.0,40.75
2020-07-17,102.0148099298245,102.0152608659594,167.66449898104062,0.5322376615042745,124443.027,752.53,1661.25,135490.15,37.14,6095.6224,94591.6020896,93776.157244,97853.381472,8063.384,8211.336,8.0,74.81999969482422,0.8644000291824341,0.09354049947018835,12.451875686645508,21.84271812438965,6.998700141906738,26.079999923706055,41.06999969482422
2020-07-24,102.38973245560761,102.38821510650973,168.27745811434997,0.5381732926756402,127092.0,717.65,1690.0,135490.15,37.14,6095.6224,94591.6020896,93776.157244,97853.381472,8063.384,8211.336,7.389999866485596,74.8311996459961,0.8486899733543396,0.09354787793855071,12.597461700439453,21.918560028076172,7.00029993057251,24.760000228881836,39.91999816894531
2020-07-31,103.15940149246478,103.1661279128413,169.55597624798384,0.3861059507696183,128371.99300000002,712.48,1759.0,135490.15,37.14,6095.6224,94591.6020896,93776.157244,97853.381472,8063.384,8211.336,8.149999618530273,74.8822021484375,0.8422600030899048,0.09260678341917458,12.957145690917969,23.274248123168945,6.934599876403809,22.649999618530273,41.95000076293945
2020-08-07,104.70402876591453,104.70130274265813,172.0790724642229,0.48275250889533766,132857.97,714.63,1732.75,135490.15,37.14,6095.6224,94591.6020896,93776.157244,97853.381472,8063.384,8211.336,8.5,74.77210235595703,0.8479030132293701,0.09276454617784827,12.683101654052734,23.388010025024414,6.936200141906738,22.1299991607666,42.2400016784668
2020-08-14,104.21298032836096,104.21244000833357,171.27561497438003,0.5136447407395351,130780.638,717.02,1768.75,135490.15,37.14,6095.6224,94591.6020896,93776.157244,97853.381472,8063.384,8211.336,8.850000381469727,74.966796875,0.844344973564148,0.09229685983499189,13.188368797302246,23.48281478881836,6.9191999435424805,22.719999313354492,42.58000183105469
2020-08-21,105.85159552938745,105.84943421555168,173.96605375048352,0.5597974824746796,134238.09449999998,750.7,1746.25,135490.15,37.14,6095.6224,94591.6020896,93776.157244,97853.381472,8063.384,8211.336,8.109999656677246,74.24009704589844,0.8443999886512756,0.0927382959740655,13.188368797302246,23.293210983276367,6.884900093078613,24.469999313354492,43.040000915527344
2020-08-28,104.93670032849919,104.93751164680343,172.46728739630467,0.7287912767669187,131607.0,745.53,1762.5,135490.15,37.14,6095.6224,94591.6020896,93776.157244,97853.381472,8063.384,8211.336,8.770000457763672,73.24849700927734,0.8440700173377991,0.09334389240507773,13.162677764892578,23.34061050415039,6.837299823760986,33.599998474121094,41.369998931884766
2020-09-04,104.35049725882016,104.35126994533152,171.50378526608682,0.521960040160347,132611.766,727.02,1775.5,135490.15,37.14,6095.6224,94591.6020896,93776.157244,97853.381472,8063.384,8211.336,7.769999980926514,73.55000305175781,0.847000002861023,0.09288646771472986,12.897198677062988,22.676984786987305,6.8317999839782715,29.709999084472656,37.29999923706055
2020-09-11,103.54085810556239,103.54028234984553,170.17090793260965,0.6155570490063117,130356.0,719.98,1758.75,135490.15,37.14,6095.6224,94591.6020896,93776.157244,97853.381472,8063.384,8211.336,7.690000057220459,73.55069732666016,0.8472099900245667,0.09182373553065742,13.376774787902832,24.184362411499023,6.753699779510498,26.459999084472656,40.970001220703125
2020-09-18,103.9130014732374,103.91226378173758,170.78226823183368,0.6086327079887766,131725.095,732.26,1732.75,135490.15,37.14,6095.6224,94591.6020896,93776.157244,97853.381472,8063.384,8211.336,7.570000171661377,73.77839660644531,0.8577399849891663,0.09228853150176008,12.880069732666016,21.757394790649414,6.808899879455566,28.510000228881836,40.310001373291016
2020-09-25,102.95342716768877,102.95371200272258,169.20686566547548,0.6613942564104125,128838.2225,729.99,1743.0,135490.15,37.14,6095.6224,94591.6020896,93776.157244,97853.381472,8063.384,8211.336,8.210000038146973,73.70500183105469,0.8528000116348267,0.09211993572365182,12.588897705078125,22.343345642089844,6.789700031280518,26.700000762939453,38.720001220703125
2020-10-02,103.80086981841895,103.79533262087247,170.59008909769923,0.5062234088608962,130932.875,709.23,1826.5,135490.15,37.14,6095.6224,94591.6020896,93776.157244,97853.381472,8063.384,8211.336,8.649999618530273,73.5425033569336,0.8497999906539917,0.09232348262928773,12.999963760375977,23.988191604614258,6.789700031280518,26.360000610351562,41.189998626708984
2020-10-09,105.06064423777187,105.06240471096318,172.6725521071999,0.6346530729848789,134466.33,706.27,1861.5,135490.15,37.14,6095.6224,94591.6020896,93776.157244,97853.381472,8063.384,8211.336,7.880000114440918,73.29620361328125,0.8514999747276306,0.09159546917356724,13.316827774047852,23.997705459594727,6.713600158691406,26.969999313354492,40.959999084472656
2020-10-16,106.32023098933107,106.32045292704892,174.74018416590877,0.5430815813640135,137377.002,725.89,1845.25,135490.15,37.14,6095.6224,94591.6020896,93776.157244,97853.381472,8063.384,8211.336,7.0,73.6812973022461,0.8435999751091003,0.09025356961344463,13.573744773864746,24.16884994506836,6.650000095367432,28.110000610351562,40.63999938964844
2020-10-23,105.63719947627108,105.63935281166577,173.62077998429626,0.5081858985029589,136053.885,724.0,1801.25,135490.15,37.14,6095.6224,94591.6020896,93776.157244,97853.381472,8063.384,8211.336,7.389999866485596,74.44000244140625,0.8511599898338318,0.09038016936436954,13.34251880645752,23.19904899597168,6.72790002822876,37.59000015258789,36.16999816894531
2020-10-30,105.13755350106781,105.12711729856754,172.7789087786072,0.4987537154906397,134142.928,712.96,1895.5,135490.15,37.14,6095.6224,94591.6020896,93776.157244,97853.381472,8063.384,8211.336,6.769999980926514,74.37999725341797,0.8523200154304504,0.08943264581814467,13.685074806213379,24.339988708496094,6.6519999504089355,27.579999923706055,38.790000915527344
2020-11-06,107.7082733959238,107.71431560814487,177.03103051664633,0.7974056063769862,140665.364,720.74,1916.5,135490.15,37.14,6095.6224,94591.6020896,93776.157244,97853.381472,8063.384,8211.336,6.800000190734863,74.56999969482422,0.8488749861717224,0.08892047468690732,13.856352806091309,25.18618392944336,6.630799770355225,25.350000381469727,41.119998931884766
2020-11-13,108.92328643791843,108.90587669804447,178.9893894077324,0.8130858022750621,140185.2725,736.61,1971.0,137517.12,40.13,6132.6395,95366.4819272,98654.981304,98654.981304,8097.610000000001,8246.19,6.309999942779541,74.41999816894531,0.8440499901771545,0.08814163368371075,14.361620903015137,26.869064331054688,6.559500217437744,23.110000610351562,41.7400016784668
2020-11-20,111.99534523561226,112.01033396649895,184.09163850365326,0.8439572542236415,147721.16,740.84,1948.75,137247.24,42.15,6233.492,94775.731952,100086.44107000002,102129.0215,7756.658000000001,7904.898000000001,6.610000133514404,73.77989959716797,0.8389260172843933,0.08915029570803214,14.455822944641113,28.63751792907715,6.577499866485596,21.25,45.709999084472656
2020-11-27,111.91293438945418,111.905537334195,183.91940275479575,0.8743084611670556,145364.33000000002,738.09,2023.75,138519.675,45.71,6281.899199999999,94775.731952,100086.44107000002,102129.0215,7704.215999999999,7852.373999999999,6.619999885559082,73.66259765625,0.8254500031471252,0.08908727187074558,14.781250953674316,29.578794479370117,6.562399864196777,21.280000686645508,45.63999938964844
2020-12-04,116.1790351395126,116.19149732878604,190.9634795825763,0.95,150798.144,732.12,2054.75,145731.625,44.55,6359.4912,107347.70977919998,106534.4695536,109787.430456,9775.32,7960.4304,6.539999961853027,73.93499755859375,0.8278999924659729,0.08848583626756426,15.269392013549805,31.87017250061035,6.542200088500977,22.520000457763672,46.779998779296875
2020-12-11,116.48635839038393,116.48827510688554,191.45124089447586,0.95,149135.105,687.45,2061.0,154371.975,46.57,6344.036249999999,117046.2740832,110543.7033008,109730.881953,10321.5,7999.162499999999,7.179999828338623,73.6166000366211,0.8197000026702881,0.08872047968208054,15.269392013549805,31.9842586517334,6.531300067901611,21.93000030517578,48.36000061035156
2020-12-18,118.00289403391113,118.00010435863638,193.93596809987645,0.9039237464484491,149285.961,690.12,2022.75,155560.5,47.62,6463.56375,124897.785705,117598.56446249998,113543.44155,12139.875,7946.1,7.460000038146973,73.83979797363281,0.8202499747276306,0.0885647046017641,15.106678009033203,30.995450973510742,6.539599895477295,21.530000686645508,48.22999954223633
2020-12-25,118.47082233067319,118.4718189174152,194.71124215680047,0.8349557305522605,147375.657,696.49,1990.0,159054.2,48.12,7496.048,124897.785705,117598.56446249998,113543.44155,12642.203,8097.355,7.559999942779541,73.13400268554688,0.8130149841308594,0.08918150064243964,14.781250953674316,31.87472915649414,6.522200107574463,22.75,48.52000045776367
2021-01-01,118.83190489426272,118.83566498885543,195.30923179831498,0.8248696576738754,144610.393,704.56,2039.25,158328.225,48.4,7487.31,128094.8594904,114312.5011908,113501.774232,13579.925,8074.55,7.699999809265137,73.36000061035156,0.8102999925613403,0.0880684294064128,15.397850036621094,35.26809310913086,6.460700035095215,22.3700008392334,50.83000183105469
2021-01-08,121.00624554081247,120.99883972951422,198.86446075153546,0.8221235768067885,148256.81,719.33,1997.75,164406.95,50.63,7682.365000000001,127279.767384,113585.10886799998,112779.54072,13593.569,8030.73,10.34000015258789,73.1698989868164,0.8222000002861023,0.08838333928418052,15.012474060058594,34.81055450439453,6.4670000076293945,23.25,53.56999969482422
2021-01-15,120.76875281658167,120.77329905493647,198.49377930758357,0.7807392112201497,147291.21,715.03,2000.25,166545.0,52.36,7821.3073,116887.29893499998,116887.29893499998,120111.77614699998,13640.4481,8056.424100000001,11.039999961853027,72.91089630126953,0.8253800272941589,0.08867536331140084,14.901144981384277,32.8851203918457,6.465400218963623,21.31999969482422,53.130001068115234
2021-01-22,120.3604099370889,120.3578952235376,197.8110532656651,0.7916813696915048,145568.5825,731.0,1984.75,168594.59999999998,52.36,8090.38725,108610.3287225,113437.45444349998,122287.184932,14487.5225,8710.75975,11.0,73.03710174560547,0.8260999917984009,0.08875078357308284,14.524333953857422,31.617366790771484,6.482100009918213,30.209999084472656,52.34000015258789
2021-01-29,119.72199933707306,119.72720565405368,196.77450001096108,0.3100692356425071,145555.43999999997,728.74,1994.0,164424.0,52.2,8086.273500000001,106885.4671038,106885.4671038,113314.6681326,14874.660000000002,9770.61,10.34000015258789,72.85800170898438,0.8303999900817871,0.08865463989949571,14.627100944519043,32.198814392089844,6.459199905395508,21.770000457763672,56.22999954223633
2021-02-05,120.67546438730902,120.6794258864548,198.33949653040256,0.3224587950937715,146758.6325,702.09,2084.0,160127.605,54.76,8664.985,106752.0545245,105949.407498,110765.28965699996,14999.89,10722.00875,10.239999771118164,72.80729675292969,0.824999988079071,0.0886889135875723,15.41497802734375,33.56187057495117,6.457200050354004,21.25,58.2400016784668
2021-02-12,122.90028533078876,122.91038933015946,202.006137823662,0.40387122727839286,149646.224,705.6,2141.5,161793.785,59.47,8730.3195,110430.62834099996,104028.852785,110430.62834099996,15024.61,10739.67875,12.430000305175781,72.79730224609375,0.8300129771232605,0.08870658551069507,15.88598918914795,33.48563003540039,6.457600116729736,22.489999771118164,60.52000045776367
2021-02-19,127.40469763879375,127.4032544714913,209.39026816373493,0.821299851630895,154661.64,731.96,2253.25,164064.45,59.24,9244.144,115976.23971999998,115976.23971999998,119175.584264,14932.848000000002,10419.616,14.5,72.4000015258789,0.8216000199317932,0.08917126678277734,16.494028091430664,35.64936828613281,6.455999851226807,28.889999389648438,63.529998779296875
2021-02-26,129.4646036556188,129.4664679459689,212.78120840691818,0.8112450774426926,155404.154,724.06,2186.0,174911.92500000002,63.22,9401.08955,130402.391152,121437.22676029998,121437.22676029998,15286.47475,10572.991,12.710000038146973,72.88069915771484,0.8298299908638,0.08873131415461767,15.671892166137695,35.01072692871094,6.466800212860107,28.56999969482422,63.83000183105469
2021-03-05,131.46451897719243,131.46429186872572,216.06467937212483,0.7943871536803089,159261.44,738.17,2195.75,176239.8,66.09,9157.5,125051.006795,120210.32266099998,117789.980594,15091.56,10230.759000000002,16.25,72.70600128173828,0.8385000228881836,0.08946854267698635,16.23710823059082,39.61464309692383,6.504899978637695,21.90999984741211,66.0199966430664
2021-03-12,131.53187308931254,131.53326343539487,216.17803577656235,0.7700658480025665,159264.56,781.1,2232.5,176401.8,64.01,8999.021999999999,124196.716545,118587.83257199998,116985.294294,14901.45,9642.3285,16.59000015258789,72.29560089111328,0.8345299959182739,0.08994461782989412,16.023012161254883,38.127662658691406,6.502600193023682,21.579999923706055,60.0
2021-03-19,132.99469101131376,132.99557928169696,218.5813865266469,0.6675919798885944,164051.65149999998,789.28,2247.25,173653.05,61.42,8951.509499999998,123723.4397465,120530.5767853,116539.4980838,14876.85,9361.53,19.56999969482422,72.64559936523438,0.8465200066566467,0.08967645469159477,16.100088119506836,35.72563171386719,6.514599800109863,19.809999465942383,58.560001373291016
2021-03-26,133.80800583584903,133.79638546706155,219.89753047129153,0.49415002866926433,163919.51,813.39,2234.5,168389.69,61.55,9497.3155,128070.78504,121267.02458474998,116864.59134899998,14750.995,9544.54775,18.420000076293945,73.20349884033203,0.8525999784469604,0.08949298895158786,15.988757133483887,38.5453987121582,6.551199913024902,17.329999923706055,61.45000076293945
2021-04-02,134.03535473354418,134.0347782937027,220.28933473175385,0.5618056460261537,163200.36599999998,826.27,2290.5,168790.78999999998,61.45,9647.00075,128070.78504,121267.02458474998,116864.59134899998,14909.335,9415.648999999998,17.93000030517578,74.40149688720703,0.842199981212616,0.08791489637906139,16.434080123901367,38.14426803588867,6.540999889373779,16.950000762939453,59.599998474121094
2021-04-09,135.87736096801763,135.87978337205365,223.3216443043936,0.5420456758100038,169197.77599999998,794.48,2347.25,167888.69999999998,59.32,9522.8224,128512.8554424,122746.25295459996,126041.4543762,15096.704,9351.776,17.520000457763672,75.0261001586914,0.8342999815940857,0.0870110534845606,16.69955825805664,39.01335906982422,6.52810001373291,16.56999969482422,63.459999084472656
2021-04-16,137.9194138397983,137.91958702671107,226.67410995389284,0.14725763959459573,172560.1,803.65,2368.0,166287.72,63.15,9559.755,128179.252344,124892.604848,128179.252344,15131.62,9429.31,19.790000915527344,75.42949676513672,0.8307200074195862,0.08604060810905186,16.65673828125,38.16338348388672,6.489999771118164,18.709999084472656,61.43000030517578
2021-04-23,138.25868751680343,138.25877685183403,227.23157647023524,0.15571165463417383,174124.7525,776.39,2419.0,164245.9,62.14,9761.8066,128023.936865,121416.249801,129675.858631,15314.116999999998,9656.192,20.920000076293945,74.31179809570312,0.8240000009536743,0.087171891868354,17.324722290039062,39.290306091308594,6.47790002822876,17.610000610351562,65.01000213623047
2021-04-30,140.35947173474275,140.36001355702737,230.68500879424522,0.16468442626567112,177509.83500000002,770.29,2504.75,162505.41999999998,63.86,9630.852750000002,127345.244598,124896.29758650002,126120.77109225,15570.06375,9534.58125,24.700000762939453,73.79940032958984,0.8327800035476685,0.08771074047478414,17.770042419433594,43.16777801513672,6.4730000495910645,18.389999389648438,64.70999908447266
2021-05-07,141.18192881116755,141.18913280856913,232.04768593416782,0.14375687205623414,179113.56,770.75,2474.5,167371.035,64.9,9683.872,123545.3836122,123545.3836122,130812.75911880002,15647.72,9521.49,25.899999618530273,73.68160247802734,0.8279169797897339,0.08760938929293648,17.66727638244629,42.470603942871094,6.4552001953125,23.1299991607666,63.81999969482422
2021-05-14,142.14517954515273,142.1432577286261,233.61581285291257,0.14832300141627752,180537.9,775.59,2424.5,170818.72499999998,65.28,9880.84,123622.96419,125238.95065,132914.886335,16246.945,9994.455,22.950000762939453,73.222900390625,0.8215000033378601,0.08786868562768226,17.444618225097656,42.7093620300293,6.434000015258789,20.670000076293945,62.04999923706055
2021-05-21,143.14298866824745,143.14560387693126,235.26319250311977,0.15331627078335297,181030.29,777.08,2501.25,176292.45,63.58,9627.729399999998,122825.2334661,126839.1299846,130853.0265031,16622.762749999998,9904.472,26.860000610351562,72.67250061035156,0.820169985294342,0.08793835095356001,18.061216354370117,44.62897491455078,6.390699863433838,16.739999771118164,66.8499984741211
2021-05-28,141.41580372784856,141.40308448499,232.3993205849912,0.37741379074917536,179794.03,772.59,2427.75,170637.775,66.21,9521.915,122121.948663,120525.583321,125713.7706825,16726.71,10101.195,23.0,72.96510314941406,0.8190100193023682,0.0874404269703383,17.436052322387695,44.37112808227539,6.380099773406982,18.040000915527344,68.80999755859375
2021-06-04,142.23481249708055,142.23761781214805,233.77089588650205,0.3429207095832169,178895.85,776.5,2500.75,170466.45,69.62,9745.69375,122897.754441,118479.8613075,131733.54070800002,17006.691,10346.83,23.5,72.98529815673828,0.8208829760551453,0.08750392261112185,17.607328414916992,44.714942932128906,6.386499881744385,16.100000381469727,70.29000091552734
2021-06-11,143.41022081244844,143.40986183347323,235.69750671757419,0.28874770857320675,179433.6225,762.54,2420.0,172058.26499999998,70.91,11163.05575,123530.2048035,121108.043925,124337.591763,17563.84025,11498.78675,27.81999969482422,73.8240966796875,0.8336399793624878,0.08664785880229936,16.69955825805664,40.59872055053711,6.396699905395508,17.75,71.04000091552734
2021-06-18,144.40606508666616,144.40676131255606,237.33593463782915,0.28807579183503207,176776.2,770.2,2454.0,169971.725,71.64,12159.386000000002,125005.922316,121737.793628,125822.954488,19048.84,13330.482,27.06999969482422,74.24690246582031,0.8379999995231628,0.08718208887547516,17.093496322631836,42.021732330322266,6.4730000495910645,15.970000267028809,73.30000305175781
2021-06-25,144.95266477020624,144.95220930000872,238.23239133225087,0.22116395828783408,178195.49,766.7,2534.75,170356.725,73.06,12089.2605,121083.903336,117811.365408,121902.03781799998,19289.4,13354.2,29.959999084472656,74.37100219726562,0.8434000015258789,0.08681071831762695,17.12775421142578,41.42033767700195,6.456200122833252,15.479999542236328,75.2300033569336
2021-07-02,149.60878420772113,149.60828748333125,245.88476617496246,0.63370263734168,190915.116,784.66,2467.0,168285.79499999998,75.16,12433.3283,121570.0661384,114998.711212,122391.48550419998,19598.234,13983.3027,26.8700008392334,74.8218994140625,0.847931981086731,0.08649205607561161,17.093496322631836,40.11876678466797,6.471499919891357,19.0,72.94000244140625
2021-07-09,149.4242665267177,149.42692315175458,245.58668959770614,0.6583556310403823,189954.252,779.65,2534.75,168582.975,73.37,12399.79145,121519.4921556,114950.87095799998,127267.0357035,19593.677049999995,14168.53605,26.790000915527344,74.46910095214844,0.8450700044631958,0.08685884189460175,17.221954345703125,40.54943084716797,6.468299865722656,17.010000228881836,71.6500015258789
2021-07-16,148.02054741172913,148.01961130392425,243.27373922269723,0.7356378614905353,185666.985,773.71,2508.75,169490.475,71.81,13004.523,121720.156668,115140.68874,127312.7044068,19771.65,14884.695,24.510000228881836,74.44020080566406,0.8479800224304199,0.08687510159228981,17.13631820678711,40.003929138183594,6.4670000076293945,17.690000534057617,71.91000366210938
2021-07-23,147.63786320487955,147.64170617577292,242.65264318828028,0.6375553360579789,181568.079,771.74,2620.75,168683.9,72.07,13103.8929,121421.6070276,117319.5257091,127164.52087350002,19837.370000000003,14971.6,27.09000015258789,74.38999938964844,0.8441699743270874,0.08723484289729577,17.821428298950195,43.449241638183594,6.4893999099731445,17.700000762939453,73.62000274658203
2021-07-30,152.0170905793477,152.0208733647434,249.84990824902127,0.8058460459169924,192550.96,783.07,2610.25,169877.40000000002,71.91,13229.514799999995,121286.1992672,121286.1992672,127022.708692,20518.944,15809.2516,25.799999237060547,74.18399810791016,0.8447800278663635,0.08715086962373694,17.59020233154297,40.81740951538086,6.465199947357178,17.280000686645508,69.08999633789062
2021-08-06,152.53100432861544,152.51527938158213,250.66247625505122,0.8017017330889722,191395.876,799.74,2593.5,168770.525,68.28,13287.21645,121119.7945496,121119.7945496,123574.9255202,20567.527,15778.3375,26.600000381469727,74.10299682617188,0.8516510128974915,0.087421565067202,17.51312828063965,44.00431442260742,6.4781999588012695,15.59000015258789,69.08999633789062
2021-08-13,154.0503698822438,154.05600468847985,253.19469481191825,0.7929190636856158,193029.2,846.32,2562.75,167779.15,66.48,13422.953600000004,121119.7945496,121119.7945496,130940.318432,21808.5875,16407.482,27.969999313354492,74.2697982788086,0.8544600009918213,0.08729254991129748,16.939346313476562,39.793373107910156,6.4832000732421875,21.670000076293945,63.689998626708984
2021-08-20,155.48771659392256,155.47938104094044,255.5340475810136,0.7783677907005432,193337.8125,850.88,2655.5,167128.5,62.32,14071.116,121299.2506176,126216.7878048,127855.9668672,23792.64,16524.732,29.979999542236328,74.0999984741211,0.8493000268936157,0.08738056548008268,17.461742401123047,41.047088623046875,6.474899768829346,18.84000015258789,67.41999816894531
2021-08-27,159.16754136374612,159.16516485818823,261.59172063723656,0.6680460787570521,194672.0125,920.15,2723.25,169460.07,67.54,14623.876000000002,119868.49632999998,125537.9522375,126347.87450999998,26683.2,16621.41,30.0,72.98509979248047,0.8445299863815308,0.0884975170124133,17.684404373168945,42.942012786865234,6.459000110626221,16.40999984741211,69.98999786376953
2021-09-03,162.53630248066767,162.53670830577522,267.13293219846787,0.6741682734030988,199062.819,941.45,2864.25,169430.075,69.29,15183.376,119088.6781436,126330.5572199,128744.516912,27738.86,18030.259,27.360000610351562,73.78900146484375,0.8460879921913147,0.08755640958342299,18.155420303344727,42.37736129760742,6.460700035095215,18.799999237060547,68.13999938964844
2021-09-10,172.7188312763564,172.73467597160945,283.893533747716,0.9361249945328036,214984.176,1052.72,2918.0,173439.315,69.72,15679.866999999998,136157.68393919998,129673.984704,136968.14634359998,28521.2007,18948.036,30.1200008392334,73.43800354003906,0.8460239768028259,0.08757590773339956,18.146854400634766,41.57345199584961,6.431399822235107,18.690000534057617,72.61000061035156
2021-09-17,179.93020381323748,179.91871285643725,295.70066862862956,0.9041651103696942,213081.0225,1073.94,2987.5,186078.2,72.61,19622.71025,137193.55771549998,133946.37291749998,139628.94631399997,36822.5,24266.0275,30.729999542236328,73.8749008178711,0.8555999994277954,0.08745595729108645,18.232494354248047,39.83165740966797,6.4608001708984375,18.6299991607666,73.30000305175781
2021-09-24,183.0024088409375,183.00180758038945,300.76780787637153,0.8929599251339322,215225.1255,1180.55,2903.0,188381.1,73.98,19757.41725,137521.42880189998,136707.6925368,139962.6375972,36826.5,24636.9285,32.47999954223633,74.3219985961914,0.8619499802589417,0.08704825385168745,17.727224349975586,40.00981903076172,6.469600200653076,23.139999389648438,75.02999877929688
2021-10-01,185.8529244130719,185.85630988539208,305.45925006596053,0.8408685097277396,216318.627,1156.37,2991.0,193250.25,75.45,20813.905,138134.324185,135682.23559,142221.13851,38076.025,27101.825,36.900001525878906,74.76000213623047,0.8654000163078308,0.08621187509598739,18.266746520996094,41.07381057739258,6.445199966430664,19.540000915527344,78.30000305175781
2021-10-08,189.53909099209838,189.5533674859707,311.5354518522749,0.7986207428231935,220434.45,1121.7,3130.5,207360.0,79.35,20788.722,139961.83291089998,142032.27422615,147415.4216458,38374.87725,27290.79,39.22999954223633,75.3062973022461,0.8621000051498413,0.08533947637236461,19.791118621826172,42.31032943725586,6.426599979400635,16.860000610351562,81.30999755859375
2021-10-15,196.36691507846075,196.3137328224527,322.6462725025239,0.7353822365543898,237957.645,1070.54,2935.5,221663.85,80.52,22760.3505,139773.679617,139773.679617,153833.75389800002,39015.6,27761.1,35.29999923706055,74.80919647216797,0.8579999804496765,0.0854560707970543,18.934730529785156,42.137786865234375,6.392899990081787,15.010000228881836,82.5
2021-10-22,193.65528834684213,193.7025552792518,318.3547403257199,0.9184226140520753,229629.295,1046.38,2794.5,230565.9,83.76,23299.5745,139715.92959609997,146329.7014113,148809.86584199997,38901.2,27679.7,32.20000076293945,75.05000305175781,0.862060010433197,0.08516455525651917,18.420896530151367,42.128211975097656,6.391600131988525,16.530000686645508,82.80999755859375
2021-10-29,183.99050227216375,183.9905984298644,302.39290907169254,0.95,203560.9275,1096.53,2616.25,231448.35,84.65,23135.6678,139596.7037465,134640.60775549998,148682.87973,38889.76,27671.56,30.040000915527344,74.43550109863281,0.8608999848365784,0.08606377115032265,17.66727638244629,42.597896575927734,6.406199932098389,15.4399995803833,78.80999755859375
2021-11-05,179.5325050747381,179.5188324071639,295.04345563313643,0.95,201116.2875,1060.02,2634.0,221759.0,81.27,22056.9843,138210.70324489998,128396.9254997,134939.4439965,38579.32,27042.6195,23.049999237060547,74.40489959716797,0.8706300258636475,0.08585590709411568,18.112598419189453,45.06136703491211,6.3881001472473145,17.65999984741211,81.58999633789062
2021-11-12,177.7921640683075,177.78252649005714,292.1897957081569,0.9162156026656358,200736.9,1040.96,2603.0,210543.3,84.15,21318.8164,138501.31625329997,125388.7656021,139320.85066899998,38438.920000000006,26759.402,22.6299991607666,74.25980377197266,0.8833000063896179,0.08587283930308949,17.821428298950195,42.83753204345703,6.3769001960754395,17.59000015258789,79.01000213623047
2021-11-19,172.40296206350692,172.43196323035542,283.3960181832141,0.9093558298346596,197691.428,1027.3,2664.5,208674.675,76.1,20219.4825,126213.39268999998,125393.825205,139326.47244999997,29602.4525,26766.0,24.790000915527344,74.625,0.8926200270652771,0.08565226032391504,18.523664474487305,42.75126647949219,6.3917999267578125,18.579999923706055,78.02999877929688
2021-11-26,169.87138137132658,169.84823470868704,279.1495991238368,0.876330415930371,196294.975,1025.32,2585.25,200296.8,68.15,20189.484,126213.39268999998,125393.825205,139326.47244999997,29480.22,26800.2,24.729999542236328,75.01789855957031,0.883430004119873,0.08487707808061705,17.66727638244629,39.51137161254883,6.367300033569336,27.950000762939453,66.5
2021-12-03,172.0590103754326,172.07001761663386,282.8011519890008,0.8487126084037896,199893.4545,1138.42,2579.5,192717.525,69.95,20578.4135,127725.9163334,128555.3054005,140996.141407,25581.94,23249.469,29.59000015258789,75.38330078125,0.8813999891281128,0.0841525890518195,18.052650451660156,40.652042388916016,6.343699932098389,21.579999923706055,70.94000244140625
2021-12-10,171.48693689186445,171.51173337094207,281.8835985999455,0.6484561404183259,198560.7735,1129.48,2611.25,194166.7,71.67,20767.6386,128535.6512132,127701.0041274,135212.82789960003,24621.0385,23452.199,28.139999389648438,76.2114028930664,0.8856800198554993,0.08353736657580342,18.326696395874023,40.70954895019531,6.366499900817871,20.56999969482422,72.37999725341797
2021-12-17,176.00027005064933,176.00278386807307,289.26474652926754,0.7941574680015959,203182.728,1301.38,2808.0,194107.5,70.73,19896.40275,129036.4306462,129874.3295465,135739.6218486,24221.54245,23792.069000000003,23.950000762939453,75.45850372314453,0.8827000260353088,0.08440533246094072,18.986114501953125,42.53079605102539,6.369100093841553,17.959999084472656,73.79000091552734
2021-12-24,178.77046586649303,178.81379637081682,293.88471219814164,0.6798486066636626,212786.34800000003,1261.16,2782.5,191211.75,73.79,19679.51475,129036.4306462,129874.3295465,135739.6218486,24074.19,23619.96,26.770000457763672,74.57029724121094,0.8802700042724609,0.08538654489853756,18.874786376953125,42.71864700317383,6.367300033569336,17.329999923706055,76.98999786376953
2021-12-31,179.04638513181638,178.94478096337826,294.0999884803335,0.6181050213394396,209119.445,1328.13,2890.0,189531.0,75.21,19526.5049,127282.853852,128109.36589000002,133894.950156,23388.604000000003,24356.922,29.489999771118164,74.43009948730469,0.883899986743927,0.08536869002239003,19.32866859436035,43.765472412109375,6.354000091552734,19.610000610351562,79.45999908447266
2022-01-07,180.43603742146604,180.53941987543834,296.72081532503,0.606728946554998,211590.67,1372.34,2944.0,188959.5,77.85,19884.2206,133460.1329534,127728.7162008,133460.1329534,23898.9465,25217.381,26.860000610351562,73.79910278320312,0.8740000128746033,0.08614739166528224,19.508512496948242,44.9179573059082,6.357600212097168,20.309999465942383,82.12000274658203
2022-01-14,182.36015391463917,182.33567820195137,299.67300845573266,0.4162790858083829,220725.33400000003,1153.14,3102.25,199047.35,83.82,19947.3291,138145.5016084,134058.3565904,139780.3596156,24452.63595,26050.341,23.190000534057617,74.44920349121094,0.8815699815750122,0.08520574888343532,20.065162658691406,42.73784255981445,6.343500137329102,25.59000015258789,86.9000015258789
2022-01-21,186.7536212833876,186.8177097591779,307.03933354357406,0.34148243360807984,222542.235,1146.63,3090.25,202075.2,86.96,23308.619250000003,138616.8162951,138616.8162951,140257.2519909,26638.422,29715.234150000004,20.110000610351562,74.8949966430664,0.8894000053405762,0.08437946977044584,19.893884658813477,39.3956413269043,6.3196001052856445,30.489999771118164,86.61000061035156
2022-01-28,191.02156256966074,190.95671143797634,313.8418808964573,0.361797333767301,231329.295,1107.28,3080.0,207360.45,86.82,23395.5905,153039.31908100002,141457.96520459998,141457.96520459998,26866.468,30427.4007,22.010000228881836,74.82240295410156,0.8849599957466125,0.08499459627287798,19.731170654296875,42.08477783203125,6.359499931335449,24.350000381469727,90.2699966430664
2022-02-04,190.5936320655306,190.6868865603985,313.39841731534517,0.35209774403526545,223421.478,1106.28,3319.0,211295.7,88.15,23311.6335,155512.84760549996,142347.73881349998,140702.10021449998,26722.91,30264.81525,21.700000762939453,74.80889892578125,0.875540018081665,0.0850353396276701,20.55330467224121,45.43657684326172,6.361400127410889,23.90999984741211,89.87999725341797
2022-02-11,197.53082489802154,197.43757671753164,324.49333657903395,0.4207668405484715,236329.002,1167.86,3315.75,212322.825,93.1,23213.97225,156977.45383319998,147841.1999064,142027.22013479998,26726.49,30242.740500000004,24.729999542236328,75.04199981689453,0.8791000247001648,0.0844273861926212,20.399152755737305,47.77995681762695,6.335599899291992,28.110000610351562,91.76000213623047
2022-02-18,202.64702372244355,202.6745244584131,333.10038430612326,0.44303523933198774,244362.8,1125.3,3457.5,215417.85,95.46,26006.0134,158070.1957824,153130.5021642,144074.3971975,26114.30955,30995.105,23.56999969482422,74.63300323486328,0.8845099806785583,0.08457786678209772,20.733142852783203,47.05965042114258,6.312300205230713,30.31999969482422,92.80999755859375
2022-02-25,209.23243041221792,209.23426492489898,343.88147322775154,0.4347045829248618,252064.3125,1140.34,3767.75,226315.7,91.59,26377.776,164684.2872675,153926.01724500002,153512.23762875,26172.516,31714.536,22.610000610351562,75.63099670410156,0.8999000191688538,0.08355833428887453,22.600069046020508,55.49197006225586,6.3196001052856445,30.479999542236328,107.66999816894531
2022-03-04,220.1722264757099,220.24086332040469,361.97107854565326,0.5474903681036083,263569.796,1155.43,3361.25,233163.825,103.41,32299.07065,173542.726005,164275.8814125,156272.69744624998,27547.0846,34528.819500000005,24.899999618530273,76.13490295410156,0.9030299782752991,0.08296588818943224,21.392560958862305,57.32634353637695,6.3165998458862305,30.229999542236328,106.0199966430664
2022-03-11,237.03735763714934,236.90700869967122,389.3622834618613,0.752937669812755,266487.813,1140.6,3316.25,242988.1,109.33,47670.17855,173738.0112446,164460.7387995,164460.7387995,31216.488,49625.0346,27.049999237060547,76.02420043945312,0.9072800278663635,0.08354182045932097,21.324050903320312,55.99138641357422,6.351200103759766,25.670000076293945,102.9800033569336
2022-03-18,230.09472616799837,230.08967320054725,378.157830999125,0.9018512206500705,253775.775,1052.46,3593.5,245381.785,96.44,47689.51,158471.22718349998,160148.1713865,155117.3387775,32185.45,49906.56,26.350000381469727,76.55239868164062,0.9085699915885925,0.08322796320077018,22.111927032470703,60.8029899597168,6.371300220489502,21.670000076293945,112.33999633789062
2022-03-25,232.37366039993393,232.30480040729026,381.7984450616213,0.8946716452526502,275007.425,1014.8,3500.0,236994.9,113.9,42372.50325,158929.5676815,160611.36204849998,155565.9789475,31555.29025,42898.86975,24.389999389648438,75.82779693603516,0.8959100246429443,0.08369226386187269,22.129056930541992,58.91831970214844,6.346199989318848,20.559999465942383,100.27999877929688
2022-04-01,225.59043023381412,225.55692332201568,370.70814914820147,0.9222252193949702,269247.473,1034.85,3352.75,238517.4,99.27,37866.0062,170053.1983535,160000.79253950002,163351.5944775,31239.076,39162.5795,23.959999084472656,75.94509887695312,0.9175800085067749,0.08372495523421553,21.983470916748047,59.11057662963867,6.358500003814697,21.549999237060547,96.02999877929688
2022-04-08,213.50902850506043,213.70240847730534,351.2249730505272,0.95,256327.02,1080.7,3250.5,229087.35,96.23,28702.7053,167462.93519999998,164113.67649599997,161601.73246799997,35679.11,28979.78775,22.450000762939453,76.12169647216797,0.9177200198173523,0.08364500783308841,22.163312911987305,63.301856994628906,6.367199897766113,22.700000762939453,106.94999694824219
2022-04-15,215.42771787605224,216.55019811068863,355.90538280522037,0.9378525875633985,248559.894,1050.85,3264.0,220901.5,106.95,33042.4126,167462.93519999998,164113.67649599997,161601.73246799997,35868.8589,36747.606,22.15999984741211,76.27619934082031,0.9216700196266174,0.08413764541522077,22.180438995361328,59.15864562988281,6.417699813842773,22.68000030517578,103.79000091552734
2022-04-22,211.6274098845947,211.61682828147485,347.79727257071215,0.9224635165615123,248199.6125,1063.13,2997.75,212731.05,102.07,32517.17,161011.39034749998,161011.39034749998,155953.4409125,36390.62875,33408.10375,22.309999465942383,76.47219848632812,0.947409987449646,0.08577627356332236,20.733142852783203,56.1016960144043,6.559500217437744,29.989999771118164,105.36000061035156
2022-04-29,206.97000591495163,206.9407347096976,340.1120019627133,0.8738328552459574,237535.06000000003,1031.08,2896.5,203206.95,102.02,34137.936,153544.838447,154388.49140549998,156075.7973225,36423.0,35828.73,21.479999542236328,76.00160217285156,0.9413999915122986,0.08693895769696369,19.84250259399414,53.19856262207031,6.607500076293945,31.200000762939453,108.26000213623047
2022-05-06,201.22711713338998,201.2877254268324,330.8211472307716,0.5353976076298272,218774.318,1025.84,2730.75,197526.35,109.77,37831.32955,146798.6681777,144253.026533,145101.5737479,34871.487,38104.605,23.75,77.41840362548828,0.9512500166893005,0.08681010550882041,18.669248580932617,46.90201950073242,6.720699787139893,31.770000457763672,106.12999725341797
2022-05-13,197.46732735976332,197.56432990271898,324.7016584429226,0.5207645041189941,212639.0375,1023.98,2884.0,192849.6,105.71,38217.01,134943.026504,134088.95671600002,142629.65459599998,32929.0,37694.02,23.1200008392334,77.81999969482422,0.9548599720001221,0.086782316568171,19.559894561767578,49.180301666259766,6.753399848937988,29.350000381469727,112.20999908447266
2022-05-20,206.1756811613075,205.8160796097308,338.26360465174463,0.7083331871461206,229390.29,1097.36,2833.25,190517.475,113.23,38300.2606,144196.698492,138188.5027215,143338.38481049996,32462.444,37548.7434,25.420000076293945,77.49729919433594,0.9357500076293945,0.08634752502564867,19.508512496948242,52.506412506103516,6.691699981689453,27.5,114.08999633789062
2022-05-27,202.64761246367448,202.6780640563193,333.10620171917014,0.6897186104742677,224793.7125,1080.59,2692.0,195597.55,110.33,37760.1948,143750.39521919997,141183.423876,142894.73810479997,31235.8976,35656.5844,21.479999542236328,77.58409881591797,0.9386000037193298,0.08616714399379236,20.21074867248535,53.39081954956055,6.685200214385986,24.719999313354492,116.87000274658203
2022-06-03,197.6709304050243,198.10414283153466,325.5888537849243,0.5832221492458685,211428.56,1100.36,2727.75,195597.55,118.87,36423.2361,143733.728292,141167.05457249997,142878.17038549998,30672.607,34317.645000000004,22.010000228881836,77.72429656982422,0.9330400228500366,0.08597955146594466,19.294414520263672,50.266578674316406,6.682700157165527,26.09000015258789,121.51000213623047
2022-06-10,189.2237777706081,189.1879194619856,310.9348293637867,0.6077612363126291,209425.92,1097.61,2474.25,196120.375,118.5,29135.9904,144713.3732352,142129.205856,142129.205856,31101.312,27709.862400000005,19.850000381469727,77.90019989013672,0.9563699960708618,0.08616537355669474,18.33525848388672,44.748695373535156,6.712299823760986,32.95000076293945,117.58999633789062
2022-06-17,186.14344249057774,186.25737663874847,306.1184127803294,0.6008396154622504,205257.312,1091.3,2436.0,195272.5,109.56,29925.338100000004,138342.9032832,133187.267136,138342.9032832,31169.789,28965.667500000003,20.15999984741211,78.19309997558594,0.9466000199317932,0.08569937596278548,17.51312828063965,42.066654205322266,6.701099872589111,29.049999237060547,104.2699966430664
2022-06-24,177.96260909780975,177.88303632769944,292.35498600839156,0.6406648877696678,192194.28,1110.24,2401.5,191196.375,106.19,28066.15575,141468.48124199998,125941.45281299998,127666.678194,29216.50425,26528.445,16.899999618530273,78.89830017089844,0.9572499990463257,0.08491691202343732,16.631046295166016,41.91059494018555,6.69980001449585,28.709999084472656,105.76000213623047
2022-07-01,175.94226365670616,175.8483877500132,289.01099285006904,0.6297526871734,195747.02,1119.57,2386.75,192405.375,108.43,24433.4775,131421.3224236,124458.60335479998,124458.60335479998,28972.815,24236.115,17.110000610351562,79.04389953613281,0.9817000031471252,0.08484525804872796,16.416950225830078,41.84299850463867,6.706500053405762,26.079999923706055,102.7300033569336
2022-07-08,172.18903160163896,172.16452258181062,282.9564731390237,0.6248005564602885,193116.99,1246.49,2367.0,182928.2,104.79,22560.91625,119695.654122,113579.81778,117948.27231,27552.9,21563.31125,15.289999961853027,79.80750274658203,0.9967399835586548,0.08417253563265943,15.132369995117188,40.64554977416992,6.717599868774414,26.399999618530273,95.77999877929688
2022-07-15,165.3720967916486,165.54338492514646,272.0744764802323,0.25831522445355526,188995.8,1199.73,2427.5,182040.95,96.3,18596.044,113417.116824,114296.31928,118692.33156,25096.484,18954.964,15.989999771118164,80.00340270996094,0.9820500016212463,0.08443265848381513,15.671892166137695,43.417057037353516,6.754899978637695,23.110000610351562,96.3499984741211
2022-07-22,167.3995830195737,167.3483619072787,275.04099892807614,0.3968351522249976,197100.27,1147.8,2457.0,185801.525,94.7,18593.6755,113516.655417,113516.655417,118796.499855,24716.91,18689.6635,14.600000381469727,79.84739685058594,0.9794999957084656,0.08462893346940636,16.451208114624023,45.42567825317383,6.757400035858154,22.329999923706055,96.41999816894531
2022-07-29,162.88495126744644,162.74165863433072,267.4697729207438,0.395210108299534,192453.765,1143.35,2372.75,184664.025,97.26,16458.2532,118061.369316,118061.369316,118061.369316,21154.9444,15391.184,12.420000076293945,79.11830139160156,0.9844800233840942,0.08540375425848407,16.690996170043945,45.763668060302734,6.756999969482422,21.440000534057617,88.54000091552734
2022-08-05,161.082888996055,161.1293811482728,264.81995666165005,0.36028198280142065,191733.76,1092.31,2505.25,182490.75,88.54,15497.3564,125095.42988799998,121158.860416,119846.670592,20904.142,14589.676550000002,11.100000381469727,79.0978012084961,0.97079998254776,0.08499351025167957,17.555946350097656,49.68434524536133,6.722799777984619,20.200000762939453,94.33999633789062
2022-08-12,166.3079548244848,166.23678064431334,273.2140887780675,0.5726187000772891,194622.672,1052.78,2393.5,184731.75,94.34,19786.80645,134317.2781863,125538.3711153,122026.8082869,20666.8395,18635.994,10.539999961853027,79.35970306396484,0.9822999835014343,0.08543252824994842,16.982166290283203,50.157527923583984,6.779900074005127,19.559999465942383,90.5
2022-08-19,170.19505244626987,170.2894648426192,279.8747713060486,0.559194726135166,190689.12,1212.83,2422.5,183028.3,90.77,22513.464,136549.75356,131263.956648,121573.32897599998,20471.508,21438.54,9.3100004196167,79.79679870605469,1.003100037574768,0.08594956332763697,17.299030303955078,51.61570358276367,6.858500003814697,21.780000686645508,92.5199966430664
2022-08-26,169.85823638656063,169.83898623852357,279.1343990439357,0.5504334897827614,190881.425,1220.71,2277.25,185176.95,93.06,22362.334000000003,139264.05965779998,134856.9691623,129568.46056769998,19945.0,21101.81,7.920000076293945,79.54879760742188,0.9961100220680237,0.08659967228005329,16.074398040771484,45.647789001464844,6.888899803161621,25.559999465942383,86.61000061035156
2022-09-02,166.53469377135247,166.50685354343696,273.65795998846824,0.5398750236052925,182990.3735,1187.2,2240.25,192125.475,89.55,22456.2789,138839.09710659998,134445.4547931,129173.0840169,19690.099,20945.64175,8.779999732971191,79.6498031616211,1.0004299879074097,0.0874490558242729,16.08296012878418,47.05768966674805,6.9653000831604,23.610000610351562,83.54000091552734
2022-09-09,166.654615937213,166.77393632718872,274.09691687339,0.4085174686145934,182344.0465,1228.02,2290.75,195086.15,86.79,22455.4505,138696.281823,131673.685275,129040.2115695,19727.89,20846.07,8.630000114440918,79.45369720458984,1.0016000270843506,0.0876107747088954,16.23710823059082,44.344120025634766,6.960999965667725,26.270000457763672,85.0999984741211
2022-09-16,163.34279045626542,163.3721699950885,268.5060332851829,0.42578406200360386,181445.02200000003,1125.21,2207.75,195605.55,88.48,20993.2767,136149.945723,133514.78548320002,129562.0451235,20319.93,19881.657000000003,9.069999694824219,80.05069732666016,1.0172200202941895,0.08804295821486685,15.954500198364258,42.41275405883789,7.047900199890137,27.350000381469727,83.48999786376953
2022-09-23,160.6795386548083,160.72771871001453,264.1598149250273,0.3851396530416851,175906.25,1122.39,2192.75,197220.375,78.74,20967.2283,138822.165625,135239.65812500002,130761.52375,20341.63825,19895.35745,10.270000457763672,81.42870330810547,1.030060052871704,0.08840862729223127,15.654766082763672,41.94102096557617,7.198999881744385,31.84000015258789,81.2300033569336
2022-09-30,160.7646458815293,160.8799751105465,264.4100519277576,0.3739929562422458,176222.458,1045.04,2355.0,187891.9,76.71,22944.7835,139264.6879745,126236.70103495,125338.21917705,21192.34,21893.317400000004,9.039999961853027,81.6488037109375,1.0089800357818604,0.0871415066437515,16.048704147338867,45.51046371459961,7.114999771118164,30.520000457763672,88.44999694824219
2022-10-07,163.93106017266865,163.94901740936677,269.45409568175467,0.30374933858064745,180875.933,1025.97,2388.0,186802.125,92.64,22928.3369,136027.03815799998,130549.43930599996,126897.70673799998,21188.44,21909.661900000003,9.699999809265137,82.19999694824219,1.030079960823059,0.0872761580102019,15.748969078063965,44.918792724609375,7.174099922180176,31.940000534057617,89.11000061035156
2022-10-14,169.48258142314359,169.44624715322016,278.4889230493765,0.36577875973488694,189876.04,1099.67,2228.25,178718.675,91.13,24376.757,140684.51837,141138.33939699997,131608.09782999998,21902.44,23133.423,9.210000038146973,82.99700164794922,1.0239100456237793,0.08707905133311813,15.534872055053711,44.22041702270508,7.22730016708374,29.979999542236328,85.9800033569336
2022-10-21,167.95910182581795,167.9427428749186,276.01787813514056,0.37425839428419383,183159.159,1095.01,2307.25,180276.175,85.05,25422.73125,141007.4400845,141462.30279444996,131910.1858855,21998.445,24152.63235,8.8100004196167,82.04959869384766,0.9908900260925293,0.08740932203953106,15.868863105773926,47.62497329711914,7.171899795532227,27.389999389648438,89.08000183105469
2022-10-28,165.1131272635571,165.07927220380088,271.31169622329236,0.37167960185802407,181920.2015,942.36,2282.25,182572.37500000003,84.58,26549.73775,140549.5405105,137829.22682319998,129668.28576129998,21243.90325,25254.127,7.710000038146973,82.88839721679688,1.0189100503921509,0.08793390086441213,15.337903022766113,44.72480392456055,7.288700103759766,25.299999237060547,88.16999816894531
2022-11-04,167.4707012143345,167.4776015132742,275.2534072834909,0.3984289165754852,183914.94,940.92,2351.5,177476.2,92.61,27260.561200000004,140038.674941,137328.2489744,131907.3970412,20756.8765,25703.2832,7.71999979019165,81.34380340576172,0.9980499744415283,0.0890147694184132,16.339876174926758,49.20600891113281,7.240799903869629,23.530000686645508,86.47000122070312
2022-11-11,172.8797585346917,172.88295532457715,284.13723437851894,0.4255782005779399,198255.0895,965.08,2393.0,181075.4,88.91,26990.429,142824.0690107,139275.6449359,132178.7967863,20513.377,25664.098,8.199999809265137,81.49530029296875,0.9620000123977661,0.0869645260429751,16.690996170043945,49.03141403198242,7.087200164794922,23.93000030517578,81.63999938964844
2022-11-18,168.47537607397604,168.48141390796772,276.9031967443872,0.4791310721483839,198566.6625,982.28,2392.0,185776.8,80.08,21967.21555,142148.2317266,141248.5593739,137649.8699631,20567.484,20914.35625,7.090000152587891,81.63289642333984,0.9600399732589722,0.08778078946697672,16.545408248901367,51.14592742919922,7.165800094604492,20.350000381469727,77.94000244140625
2022-11-25,166.08005267262763,166.0852080616296,272.96497564617715,0.5148935397190437,192980.8125,1010.07,2472.25,191121.75,76.28,20547.8872,142148.2317266,141248.5593739,137649.8699631,20564.208,19625.762,7.820000171661377,81.3052978515625,0.9592000246047974,0.08703245908063927,17.20482635498047,51.902496337890625,7.076200008392334,19.84000015258789,81.22000122070312
2022-12-02,166.97467230865746,166.97279450091838,274.4237449948264,0.4926099177358108,192874.5,999.91,2496.5,192046.5,80.55,20885.7355,142188.28967199998,141288.36378800002,138588.586136,21410.83,20030.9305,7.699999809265137,82.25350189208984,0.9511799812316895,0.08476964290563661,17.675840377807617,51.02953338623047,6.972599983215332,22.290000915527344,71.45999908447266
2022-12-09,172.6662543510503,172.66164548134557,283.7735064061546,0.49162017319823154,204418.005,1014.68,2383.0,204109.25,71.02,21618.96,156247.15141199998,154430.32406999997,141712.53267599997,21537.07,20718.17,9.1899995803833,82.50800323486328,0.9366499781608582,0.08423304258656691,17.153444290161133,48.33304977416992,6.949900150299072,22.829999923706055,76.11000061035156
2022-12-16,172.8262104836762,172.82211638176682,284.03724413413545,0.4789905074549703,201566.456,977.27,2421.5,206868.15,77.28,21941.901800000003,158631.7124964,154985.006462,144956.5648674,22950.915,20903.9415,9.029999732971191,82.87860107421875,0.9424999952316284,0.08422680631256156,16.588228225708008,48.8956184387207,6.980599880218506,21.969999313354492,77.48999786376953
2022-12-23,172.00549553573995,172.0117047410695,282.70531339600353,0.4410697665464628,199601.76,945.28,2426.5,203442.2,79.56,22533.28,155123.67706,156036.169278,141436.29379,22921.5,21476.0,9.460000038146973,82.85199737548828,0.9408000111579895,0.0842176449404025,16.977622985839844,48.910377502441406,6.97760009765625,21.440000534057617,78.4000015258789
2022-12-30,174.04747664887276,174.05101034094557,286.0569604806658,0.43555923007889946,196994.416,1025.09,2262.75,204247.82,80.26,24773.7415,155005.619659,155917.41742169997,142240.4509812,22829.892,23677.74125,9.1899995803833,82.66649627685547,0.9428300261497498,0.08332033564751304,16.683713912963867,49.42809295654297,6.887800216674805,22.459999084472656,73.66999816894531
2023-01-06,173.56546237057754,173.55528527381372,285.2422245842178,0.34635560242935864,188850.785,1080.02,2551.0,201085.53,72.84,26042.5685,154167.97428999998,154167.97428999998,140564.917735,22706.52,24940.1505,10.039999961853027,81.63179779052734,0.928849995136261,0.0829211194232491,18.403953552246094,54.195072174072266,6.769000053405762,18.829999923706055,78.38999938964844
2023-01-13,179.0504114554408,179.05060434589777,294.27391171750406,0.32773057839732,206683.35,1034.07,2589.75,202347.1,79.86,25119.7049,155896.616832,155000.659264,138873.42304,22205.264,24042.0965,9.359999656677246,81.43599700927734,0.926110029220581,0.08285156594266678,18.965839385986328,53.3354606628418,6.747099876403809,20.520000457763672,80.33000183105469
2023-01-20,181.99439023550752,181.99517573518318,299.1133845817369,0.26265699669721476,211395.6795,1034.17,2656.5,202305.7,80.18,25493.049,161567.7702969,158889.8514522,141037.0591542,21958.47,24382.881,8.949999809265137,81.50270080566406,0.9155799746513367,0.08322300720631799,19.294326782226562,56.00222396850586,6.782899856567383,18.729999542236328,81.01000213623047
2023-01-27,184.68162123521353,184.69000368587714,303.5423981857591,0.25384488932898913,214126.77,1038.74,2605.5,201692.4,79.68,26737.1971,162627.211461,160830.225699,148251.325365,23876.863,25539.2794,8.270000457763672,81.71029663085938,0.9080299735069275,0.08249633377589952,18.576839447021484,57.12559509277344,6.740799903869629,18.729999542236328,75.87999725341797
2023-02-03,185.12405182467796,185.12222184316505,304.25275897077347,0.19678985945856473,211096.04,1023.88,2487.5,203623.875,77.9,29080.3725,165828.1874238,162203.5275894,151329.5480862,24760.4472,27580.113,7.110000133514404,82.65950012207031,0.9332000017166138,0.08212244075362149,17.94580078125,53.90202331542969,6.7881999015808105,20.709999084472656,78.05999755859375
2023-02-10,183.81251974458715,183.81182189780708,302.09908560427675,0.2177248385976247,201365.655,1082.77,2362.5,201528.6,79.72,30949.501000000004,161893.844618,159165.29667500002,150979.652846,24802.506000000005,29270.4225,7.230000019073486,82.73770141601562,0.9352999925613403,0.0828147263382744,17.591379165649414,55.885005950927734,6.851900100708008,20.170000076293945,78.48999786376953
2023-02-17,182.017081164446,182.0198431013692,299.15392598267687,0.23440723547936637,199253.2,1062.82,2339.75,198969.925,79.06,31006.425,158716.10535,157803.943825,146858.00552500002,24874.65,29967.9125,6.599999904632568,82.83529663085938,0.9428799748420715,0.08319279922473947,17.496288299560547,53.04240036010742,6.891300201416016,21.139999389648438,75.38999938964844
2023-02-24,180.2149987204583,180.20677578296434,296.1741068754291,0.25692616449205274,193605.9435,1025.91,2367.25,197321.52,76.32,31667.28435,160825.6180432,160368.72708284995,144377.5434706,24874.0544,30559.19815,7.949999809265137,82.4198989868164,0.9373000264167786,0.08332939150450584,17.591379165649414,56.27574920654297,6.868000030517578,19.59000015258789,78.16000366210938
2023-03-03,176.47209289580704,176.47160505168713,290.03526525553565,0.3187377358698724,195283.046,1026.55,2306.0,196766.79,75.68,28327.0695,153962.724168,155763.457784,139556.85524,24065.4385,27560.470500000003,9.390000343322754,81.9645004272461,0.9479100108146667,0.08479646896352748,17.09864616394043,53.06193923950195,6.950300216674805,22.610000610351562,75.72000122070312
2023-03-10,173.8910338372611,173.89654690154828,285.8030961572538,0.2280045607099317,189573.48,1031.91,2233.25,191343.285,76.68,28612.236,154490.51019599996,152683.60364399996,138228.35122799998,24260.16,27731.166,10.1899995803833,82.7156982421875,0.9448800086975098,0.08348959324773217,16.692358016967773,48.72477722167969,6.905900001525879,22.989999771118164,68.3499984741211
2023-03-17,173.56841217848935,173.5678119103178,285.26281240819185,0.1856203002856368,191895.3725,1039.22,2298.5,193199.895,71.33,27454.404,156455.708464,151907.57740399998,137353.558012,24260.88,26571.44,9.970000267028809,82.52580261230469,0.9199299812316895,0.08335817118827268,17.211023330688477,48.73454284667969,6.879199981689453,22.610000610351562,69.95999908447266
2023-03-24,173.30392979463952,173.3057603174278,284.8321244046899,0.14063213471193053,192414.558,1042.8,2363.5,193709.85,69.26,26903.0958,156103.05744879998,149750.02604099998,135228.8113946,24141.684,25944.042600000004,9.760000228881836,82.25540161132812,0.9222000241279602,0.08371000511892057,17.4789981842041,51.38140106201172,6.8856000900268555,19.020000457763672,74.37000274658203
2023-03-31,172.03464329383527,172.04943177538763,282.767318671031,0.13227061687920635,194232.43,1025.49,2325.0,194608.125,73.2,24780.7759,155773.15811199998,153056.18442399998,140376.97388,22516.772,24419.1927,10.100000381469727,81.94999694824219,0.9171500205993652,0.08393532935701736,16.968978881835938,50.342403411865234,6.878499984741211,18.399999618530273,80.69999694824219
2023-04-07,169.85790946982686,169.82589482783084,279.11288300019754,0.13247968380369227,190926.97,1007.59,2365.75,194349.3,80.7,22885.054,155773.15811199998,153056.18442399998,140376.97388,22062.762999999995,22696.867999999995,9.8100004196167,81.96060180664062,0.9090999960899353,0.08386590618306014,17.262889862060547,52.20476531982422,6.873700141906738,17.799999237060547,82.16000366210938
2023-04-14,170.28910576183844,170.2993417947651,279.89100431098285,0.1501044898637513,190487.25000000003,1039.08,2422.25,196076.25,82.52,22720.698,155403.443338,152692.9181635,140043.8006825,21917.441,22540.375,9.1899995803833,82.34010314941406,0.9130600094795227,0.08361781956078686,17.10729217529297,50.499237060546875,6.8850998878479,17.170000076293945,77.29000091552734
2023-04-21,168.99606826614743,168.9944687839547,277.7464145924027,0.14221240844577257,196584.895,1031.66,2311.5,195882.675,80.86,20236.801,156430.906489,156430.906489,137442.183736,19724.1135,20322.9325,9.15999984741211,81.76689910888672,0.9052000045776367,0.0847017548915677,16.51947021484375,48.50946044921875,6.92579984664917,17.030000686645508,74.76000213623047
2023-04-28,165.14540269595923,165.13283959162501,271.39973549472114,0.14769908891119052,191429.2575,1029.59,2300.5,193232.325,76.78,19840.095,151335.698976,148633.27577999997,136922.775264,19385.272500000003,19913.85,8.760000228881836,81.77999877929688,0.9034299850463867,0.0845023268337251,16.363872528076172,46.304039001464844,6.910600185394287,20.09000015258789,68.55999755859375
2023-05-05,163.32360826339485,163.3257085393221,268.42967278150064,0.15298736665711482,189421.45,1088.93,2216.5,192987.795,71.66,18725.64,151298.66136,152199.24863,136889.26504,17553.245,18954.4,8.300000190734863,81.9198989868164,0.9104099869728088,0.08462168582529098,15.827916145324707,46.41185760498047,6.932199954986572,16.93000030517578,70.87000274658203
2023-05-12,161.24910577614935,161.230053378874,264.9854138585613,0.15941994461432976,183369.0495,1093.61,2286.75,192194.145,70.04,18986.994,150362.9985858,149457.19738949998,137681.7818376,17351.593999999997,19179.1535,7.71999979019165,82.45030212402344,0.9226499795913696,0.08486445405371301,15.8192720413208,46.323638916015625,6.997099876403809,16.049999237060547,71.86000061035156
2023-05-19,161.05760155656003,161.04790654802426,264.6860512252046,0.1686217779132839,189231.6,1098.62,2233.25,191078.745,70.86,17114.307,147998.7420516,148912.31453339997,136122.29978819998,16360.1172,17963.8065,7.409999847412109,82.71369934082031,0.9296000003814697,0.08535224762267157,15.12771987915039,44.63772201538086,7.059800148010254,19.139999389648438,71.83000183105469
2023-05-26,159.35182440004158,159.35921904173748,261.91065328695754,0.1762513520185382,184577.323,1104.76,2299.25,188449.25,74.34,17079.546,147448.733454,141077.491885,135616.427683,16280.2365,17655.214500000002,6.570000171661377,82.66680145263672,0.9350000023841858,0.08601759913762684,15.430274963378906,44.67692565917969,7.110799789428711,15.649999618530273,70.0999984741211
2023-06-02,158.64488936191185,158.64910983099864,260.74357196961637,0.18756936051044315,183846.96,1107.13,2240.75,188100.75,71.74,16790.4906,147141.5857956,142600.1788266,133517.3648886,16041.87,17596.6974,6.139999866485596,82.61810302734375,0.933929979801178,0.08628617281212625,15.776050567626953,47.81351852416992,7.128799915313721,13.649999618530273,71.29000091552734
2023-06-09,159.61523555544278,159.61739652695226,262.33497410267944,0.215213705897142,186973.92,1073.6,2227.75,188976.25,72.15,17015.624,147216.58696800002,142672.865148,137220.398964,15814.958,17807.816,6.329999923706055,82.04499816894531,0.922249972820282,0.08730087391311066,16.035383224487305,49.00935745239258,7.162600040435791,14.5,70.62000274658203
2023-06-16,156.98448013281472,156.97973269389493,257.99991108077484,0.23633679368490712,183564.92,1033.3,2203.0,186415.84,71.78,16832.505,144464.33935999998,144464.33935999998,131823.70966599998,15808.63,17627.032,6.139999866485596,81.94149780273438,0.9096999764442444,0.08760396419487594,15.862495422363281,48.42123794555664,7.178400039672852,12.90999984741211,69.51000213623047
2023-06-23,154.7032411631564,154.70978621036568,254.26920023767096,0.20639477611465315,178265.51,1019.97,2126.0,186750.72,70.5,16875.600000000002,144587.79808,144587.79808,132388.202617,16022.8,17556.2,6.159999847412109,82.02649688720703,0.916100025177002,0.0883056130845775,15.352474212646484,49.77046585083008,7.2434000968933105,13.539999961853027,69.86000061035156
2023-06-30,154.3756344708073,154.38116184047325,253.7290982973998,0.2174002012904431,176112.54499999998,1052.17,2103.0,185075.475,70.64,16955.89605,144783.568336,144783.568336,132567.45475765,16061.10415,17817.85155,5.550000190734863,82.39409637451172,0.9211000204086304,0.08794804722937968,15.404341697692871,48.72804260253906,7.246399879455566,15.4399995803833,71.80000305175781
2023-07-07,155.5886854827335,155.57629240343442,255.69332370205862,0.25609697518134533,177239.755,1062.05,2242.0,186955.425,73.86,16716.984,143877.68997799998,142056.453396,129307.797322,16036.8322,17671.6549,5.010000228881836,82.00180053710938,0.8973000049591064,0.08737978733888346,16.268783569335938,51.707786560058594,7.165299892425537,13.609999656677246,76.88999938964844
2023-07-14,154.70165825729504,154.70374685813817,254.25927441915323,0.25771152608622416,177170.44,1046.85,2143.25,191070.15,75.75,15659.05165,144709.493104,141091.7557764,130238.5437936,16766.71315,17025.1675,5.079999923706055,82.06169891357422,0.8924400210380554,0.08805447935838348,15.732829093933105,51.17674255371094,7.225900173187256,13.989999771118164,75.62999725341797
2023-07-21,155.47904506569552,155.4780435086528,255.53184931499953,0.274345066400575,180724.91,1027.97,2151.75,189503.525,75.75,15716.405,142780.450604,138262.081914,130129.018272,17107.491499999996,17226.493,4.730000019073486,81.97550201416016,0.9026600122451782,0.08722118095775912,15.905716896057129,51.353759765625,7.150000095367432,14.40999984741211,80.08999633789062
2023-07-28,154.73909276425314,154.73897359751265,254.31717040018412,0.2816503157429842,180674.11,1005.02,2168.25,187046.725,78.78,14722.38625,145926.2779975,134143.41082999998,132330.662035,17324.8075,17283.694999999996,4.760000228881836,82.7332992553711,0.9137300252914429,0.08691059329466394,16.216915130615234,50.77354049682617,7.190400123596191,15.920000076293945,81.55000305175781
2023-08-04,157.3175079110184,157.31848475218166,258.5566581169469,0.35627205628603964,184556.31000000003,1025.85,2154.75,187916.15,82.82,14725.072,149446.2514512,137599.90225080002,134866.1293584,17327.967999999997,17517.12,4.889999866485596,82.86630249023438,0.9109399914741516,0.08699072877075716,15.862495422363281,49.94747543334961,7.208600044250488,15.850000381469727,82.81999969482422
2023-08-11,157.97163163220404,157.95861315393864,259.6087243161907,0.3064218521503177,184532.5,1010.72,2090.5,186396.72,84.4,15260.510500000002,147984.45611400003,140676.581738,136109.16025299998,17982.79,19055.9565,5.329999923706055,83.23699951171875,0.9195500016212463,0.08766534082262847,15.352474212646484,50.2523307800293,7.296999931335449,17.889999389648438,80.38999938964844
2023-08-18,155.42682148382275,155.42936279902062,255.45184141499286,0.32571081082301406,177670.18,1014.16,2111.25,185712.405,81.25,15506.5562,145717.22490600002,141134.92223599998,135636.159032,17840.6528,19650.5138,5.329999923706055,82.5447006225586,0.9203199744224548,0.0868680817480517,15.655030250549316,49.554115295410156,7.170499801635742,17.200000762939453,79.05000305175781
2023-08-25,156.2818526690499,156.28455598120456,256.8573716778745,0.3344168573991151,179826.186,1003.96,2175.5,183431.355,80.72,15325.03165,150301.12592549995,140281.0508638,136637.387205,17585.1536,19998.154,4.940000057220459,82.70040130615234,0.9146999716758728,0.08807212224356767,15.914362907409668,51.1964111328125,7.283599853515625,13.569999694824219,83.62999725341797
2023-09-01,158.04283046327384,158.04582036264313,259.75205143049556,0.35523811022113944,184975.293,966.68,2171.25,181555.425,85.55,15605.8674,150395.70412349998,140369.32384859998,134900.38915319997,17615.525999999998,20249.5847,4.860000133514404,83.25740051269531,0.9324700236320496,0.08787086557830459,15.897072792053223,50.83255386352539,7.315899848937988,14.399999618530273,86.87000274658203
2023-09-08,158.02250880021018,158.01688279444969,259.7044918513532,0.345302258363174,181239.234,992.65,2202.25,180148.05,87.51,15740.8724,151883.5911384,140904.05442960002,135414.2860752,17916.47395,20666.1348,5.300000190734863,82.93679809570312,0.9315999746322632,0.08764263811250585,16.182336807250977,53.005889892578125,7.268799781799316,12.819999694824219,90.16000366210938
2023-09-15,160.61516741933548,160.63596350047285,264.00901306355956,0.3988717374633609,181980.025,1009.79,2188.75,178870.275,88.52,17884.7557,152002.5303874,142845.7514484,136436.0061911,18524.387,23018.419900000004,5.480000019073486,83.08699798583984,0.9387000203132629,0.08769121464813172,15.940296173095703,50.21300506591797,7.285999774932861,17.540000915527344,89.62999725341797
2023-09-22,161.853179452139,161.84738640138843,266.00001531177264,0.38077589466709544,185894.285,1007.01,2271.75,173154.34999999998,90.03,16832.7855,151821.376762,143590.097299,139017.164264,18778.074,23635.047,5.53000020980835,83.22270202636719,0.9519000053405762,0.08781378212327261,16.346582412719727,51.85146713256836,7.30810022354126,17.34000015258789,91.70999908447266
2023-09-29,163.94530253701166,163.97520427124857,269.49713440988245,0.36631007607559857,186726.505,1010.59,2224.5,171645.09,93.68,18079.7825,153761.662824,147354.92687300002,140032.942929,20965.075,24377.608000000004,5.489999771118164,83.44979858398438,0.951740026473999,0.08628301492354228,15.715540885925293,49.21745300292969,7.200300216674805,18.489999771118164,82.30999755859375
2023-10-06,162.85044469920146,162.85082170255203,267.64918501051545,0.40882077990652294,186142.761,996.3,2185.5,174201.615,82.79,18106.9798,153008.41030859997,147511.1021538,137432.70387,21001.435,24419.886400000003,5.909999847412109,83.21800231933594,0.9412400126457214,0.08770578062795992,15.663674354553223,49.76003646850586,7.298699855804443,16.690000534057617,82.91000366210938
2023-10-13,164.50924240748031,164.5004197286983,270.36033846173615,0.27314282787660843,183995.925,1002.29,2184.0,174026.93500000003,85.97,19902.10775,153260.60781349998,150507.423242,140412.41314649998,21667.11375,26208.674,5.869999885559082,83.26860046386719,0.9488999843597412,0.08783022515920001,15.60316276550293,48.99055099487305,7.313499927520752,21.399999618530273,89.37000274658203
2023-10-20,163.43614522501082,163.43713391457777,268.6128030264996,0.3371077668808537,181391.725,971.69,2193.5,176289.625,88.75,19811.6985,153525.6031375,151234.176225,140235.327045,21687.633,26096.703,5.760000228881836,83.1709976196289,0.9463199973106384,0.08795974875206003,15.629096984863281,48.329593658447266,7.315700054168701,20.68000030517578,83.20999908447266
2023-10-27,162.26948948954427,162.27486966009818,266.7025941787573,0.3735629505046563,181874.91,960.95,2221.25,176249.525,85.49,18830.37975,156950.3700765,148689.82428300002,140429.2784895,21086.86125,25021.1325,5.059999942779541,85.19400024414062,0.9445499777793884,0.08587341629559506,15.966227531433105,49.996803283691406,7.315899848937988,15.65999984741211,82.45999908447266
2023-11-03,164.7886227355732,164.78050086545284,270.8206584478772,0.41514032301556236,187397.56,994.86,2232.0,187839.375,80.51,18832.5072,156714.751314,147550.145974,141134.92223599998,21080.4192,25010.1024,5.150000095367432,83.21769714355469,0.9336699843406677,0.08747298306291121,16.13047218322754,48.39863967895508,7.279300212860107,15.289999961853027,75.73999786376953
2023-11-10,162.95510495130708,162.95080371778752,267.8135078221152,0.4396230033422181,190361.175,981.83,2179.75,188836.0,77.37,15991.16255,157033.3078809,150605.0438156,142340.1328745,21506.21835,21318.7731,5.699999809265137,83.18620300292969,0.9212700128555298,0.08710338681966596,16.139116287231445,50.94386291503906,7.245800018310547,14.319999694824219,72.9000015258789
2023-11-17,162.3810308226308,162.37997769685182,266.8753417282081,0.44126240951427176,183719.508,989.01,2188.0,191717.5,75.89,17060.857799999998,156910.78612439998,150487.53756959998,142229.07514200002,22958.6952,22954.533,6.420000076293945,83.54830169677734,0.9182000160217285,0.08562950929793955,16.09589385986328,52.32499313354492,7.154200077056885,12.850000381469727,77.0999984741211
2023-11-24,163.7409363126076,163.7427923928318,269.1151599795745,0.41485008995416056,188151.118,986.36,2160.25,197568.3,75.54,16494.990350000004,156910.78612439998,150487.53756959998,142229.07514200002,22712.3649,22358.39515,7.519999980926514,83.3302993774414,0.911270022392273,0.08494989113423826,16.06995964050293,54.011940002441406,7.07889986038208,12.920000076293945,75.95999908447266
2023-12-01,164.12357358656112,164.11870528900366,269.7329817335176,0.40341572493762257,183921.34000000003,981.22,2092.5,199161.13,77.86,17530.393000000004,156023.16202,149598.678878,142256.41243,24819.806000000004,24740.709,10.039999961853027,83.28959655761719,0.9287899732589722,0.08578021997648393,15.732829093933105,53.183265686035156,7.144599914550781,13.0600004196167,69.33999633789062
2023-12-08,162.0482104170663,162.05116349481358,266.3349277943063,0.4285580447275829,179971.19999999998,977.7,2175.0,197427.08,71.23,17565.3443,152653.95150499998,147136.3388,139779.52185999998,24965.2305,25090.3695,8.699999809265137,83.2853012084961,0.9186000227928162,0.08611003258213863,16.156404495239258,56.2513313293457,7.1717000007629395,12.479999542236328,71.58000183105469
2023-12-15,163.5402409300045,163.53329962648496,268.7708536531334,0.4731181167410203,186587.45,986.03,2184.25,200980.785,68.61,16383.997,151912.86849199998,146422.04192,140016.077586,24864.49,23826.74,9.920000076293945,83.26719665527344,0.9136000275611877,0.08567719638475012,15.335186958312988,59.309547424316406,7.134099960327148,13.649999618530273,73.88999938964844
2023-12-22,165.89124686338263,165.8842821138064,272.634749089012,0.5358081939870166,188027.325,985.16,2319.0,201066.39,73.56,16392.658499999998,155847.01288199998,153096.77147819998,142095.805863,24890.247,23851.422,10.4399995803833,83.26719665527344,0.9002000093460083,0.085750456660223,16.93204689025879,60.02180099487305,7.140200138092041,12.470000267028809,71.7699966430664
2023-12-29,169.96616041902928,169.9715418619516,279.35225735258996,0.7062165271189953,198324.96,995.86,2218.25,201889.515,74.11,16687.914,155891.98713,156808.99881899997,142136.811795,25123.38,24557.688,11.5600004196167,83.31809997558594,0.9150999784469604,0.08520237311344746,16.43951416015625,57.60077667236328,7.098899841308594,14.130000114440918,72.19000244140625
2024-01-05,165.80449219651572,165.80726955400598,272.5081771217928,0.8795177087273373,188934.6705,1022.65,2179.75,199949.135,73.81,16903.1502,159393.1661982,155728.95548099998,136491.84921569997,24473.8335,25030.6236,10.609999656677246,83.02559661865234,0.9111499786376953,0.08636372919447866,16.1885986328125,56.276615142822266,7.170400142669678,12.4399995803833,72.0199966430664
2024-01-12,164.48790895869982,164.48342223904433,270.33240268465164,0.8971581186432727,185348.8475,1016.18,2136.5,205931.2,72.68,17069.5288,162574.69741259998,155267.96943899998,138827.8314984,23827.601,24906.9,9.5,83.17759704589844,0.9186300039291382,0.08553384923785383,15.909805297851562,55.55524826049805,7.114500045776367,14.130000114440918,74.08000183105469
2024-01-19,162.52833562427284,162.53692935280225,267.1332954944956,0.9056945647300572,179964.27599999998,1024.04,2194.5,202119.99,72.56,16712.7489,161192.2904416,152949.50286219997,145622.5805694,23542.418100000003,24589.3017,11.050000190734863,83.09760284423828,0.918969988822937,0.08522507913901124,16.485979080200195,56.01968765258789,7.081999778747559,13.449999809265137,77.36000061035156
2024-01-26,162.82203628440072,162.8136544701104,267.5880997831393,0.8999114598560338,179412.9,1036.45,2209.25,201547.83,78.01,16532.745,157583.812518,152086.70277899998,145673.4080835,23700.12,24256.89,11.0600004196167,83.05359649658203,0.9255899786949158,0.0854953933486497,16.235063552856445,57.106685638427734,7.1006999015808105,13.880000114440918,73.81999969482422
2024-02-02,163.72151312202664,163.72258869007837,269.08195471527426,0.8677486770036923,185378.2665,1045.61,2189.75,199711.045,75.85,15989.75735,157363.8796268,150959.53568849998,143640.2854733,23364.2185,23405.718,11.170000076293945,83.01260375976562,0.9280099868774414,0.0855424314652415,15.705357551574707,55.56513214111328,7.101099967956543,12.789999961853027,76.22000122070312
2024-02-09,163.16772018055985,163.1533447895957,268.14638887382785,0.849964068398972,183717.15,1033.5,2186.5,198058.655,76.84,15971.9746,158280.6929,150046.4372,146386.76799999998,23353.875,23291.598,12.350000381469727,83.04309844970703,0.9317799806594849,0.08641175626065885,15.854045867919922,56.424835205078125,7.175899982452393,14.010000228881836,78.02999877929688
2024-02-16,163.3167499704502,163.32466809767513,268.4279627909955,0.7916789018078705,184122.834,1039.57,2144.25,199777.71,76.64,15793.22325,158305.4838519,151900.0596498,149154.87784889998,23326.653,22969.6971,12.819999694824219,82.93840026855469,0.9241799712181091,0.0866679347296701,16.058496475219727,55.39713668823242,7.1880998611450195,14.539999961853027,78.61000061035156
2024-02-23,164.3986098087007,164.41658328494984,270.2225512795232,0.5040083098387825,182408.122,1105.12,2167.5,198583.61,76.49,15798.834,158925.16946459998,158925.16946459998,152531.62816429997,22877.64,22989.541500000003,14.336999893188477,82.91190338134766,0.9226099848747253,0.0867909166913926,16.114253997802734,55.82205581665039,7.196000099182129,13.399999618530273,78.26000213623047
2024-03-01,164.9352663783987,164.95091747424715,271.1007421832811,0.2045754811536489,185978.045,1079.08,2201.5,198368.755,77.58,15333.869099999998,158890.6451154,152498.49272569997,152498.49272569997,22387.78025,22636.30325,16.100000381469727,82.81909942626953,0.9174699783325195,0.08688696222419365,16.485979080200195,58.292503356933594,7.195899963378906,14.4399995803833,78.93000030517578
2024-03-08,165.52185978097143,165.53657063849008,272.0632770386149,0.1798772334533411,185223.174,1120.16,2193.0,200461.93,78.01,15401.147800000002,160519.0876784,154590.82591755,149574.6044276,22351.55815,22703.8449,16.84000015258789,82.83110046386719,0.9128000140190125,0.0867620998387033,16.72760009765625,55.32796859741211,7.186600208282471,14.399999618530273,81.26000213623047
2024-03-15,165.40226399646187,165.43330016393372,271.8935495661853,0.08791332409402532,188517.3835,1122.76,2237.0,200739.5,79.72,13791.7312,163539.3399167,156230.31913829996,154859.87774235,19809.037,20658.58775,15.6899995803833,83.05460357666016,0.9143099784851074,0.08666105884326795,16.84840965270996,57.77864456176758,7.1975998878479,12.920000076293945,81.06999969482422
2024-03-22,165.52311195950048,165.54284425716475,272.0735878795906,0.1000224051006846,188804.75,1109.47,2284.25,199171.035,81.07,13575.794850000002,164918.5612118,159390.56474659996,156165.9001419,19382.1345,20423.87235,14.729999542236328,83.36499786376953,0.924780011177063,0.08667666553660038,16.690425872802734,59.67599105834961,7.225800037384033,13.010000228881836,83.16999816894531
2024-03-29,168.25122001230326,168.25177251375663,276.5257756705314,0.221471747674009,194793.624,1120.61,2386.75,198255.96,81.62,14278.1976,164918.5612118,159390.56474659996,156165.9001419,18837.552,19175.127600000003,13.859999656677246,83.37329864501953,0.9226499795913696,0.0867711834966196,17.563980102539062,60.53727340698242,7.234399795532227,16.350000381469727,86.58999633789062
2024-04-05,170.3431685708432,170.3400925181853,279.9579790907105,0.22464202821636964,202831.216,1122.75,2398.75,196400.325,86.91,13027.025200000002,164348.3252257,158839.4428159,158839.4428159,18157.874,17649.7867,12.850000381469727,83.4126968383789,0.9309499859809875,0.08669543633984535,18.01934051513672,61.804447174072266,7.231500148773193,14.90999984741211,85.0199966430664
2024-04-12,173.74654126181403,173.73078861944165,285.53066849216276,0.32681789014997165,208348.76,1190.86,2601.5,194349.3,85.23,13009.6648,166677.42909400002,162993.94999800003,159310.470902,16636.4,17518.1292,13.670000076293945,83.5958023071289,0.9372599720954895,0.08657611811960408,18.679153442382812,60.35907745361328,7.237400054931641,18.0,82.7300033569336
2024-04-19,177.9105369819844,177.9120887293072,292.40273431897185,0.4731408903495341,214236.1755,1186.61,2526.0,202249.775,83.14,14750.1981,168152.0332734,164476.5789942,158963.39757539998,18755.55,19147.3326,13.609999656677246,83.3405990600586,0.9345899820327759,0.08692282406486411,18.790668487548828,59.72549057006836,7.244200229644775,15.369999885559082,83.56999969482422
2024-04-26,177.96952854905314,177.97225178542368,292.5016137275556,0.4998442607118285,214296.3,1177.85,2491.75,204240.155,83.85,14751.10335,170075.4099,168236.75682,159043.49142,18735.525,18702.2174,12.819999694824219,83.40640258789062,0.932699978351593,0.08680269005051686,18.744203567504883,59.49779510498047,7.2399001121521,14.680000305175781,78.94999694824219
2024-05-03,179.58798715873485,179.59033081791665,295.16096496571123,0.4720323797074477,216260.675,1178.86,2510.5,206260.62,82.63,14907.628800000002,172783.6532928,171864.5913072,163593.0334368,18759.6,18930.5208,13.449999809265137,83.46430206298828,0.9304999709129333,0.08654957872653593,18.920774459838867,61.46784973144531,7.223800182342529,12.6899995803833,79.26000213623047
2024-05-10,178.2768587472437,178.27620250393608,293.0011639370215,0.5760510185344755,211316.9595,1219.74,2529.0,207353.19,78.26,15388.2522,169442.06666639997,166679.4242751,163916.7818838,18796.725,19231.1382,13.739999771118164,83.40509796142578,0.9182900190353394,0.08653787575226192,19.366844177246094,62.200443267822266,7.217700004577637,12.420000076293945,79.2300033569336
2024-05-17,179.47297008611886,179.47474706870543,294.9710003345634,0.5301436264223649,215843.425,1228.44,2550.25,208989.74,78.63,14726.212050000002,170748.700848,167994.689544,161568.663168,18183.598,18550.6064,12.729999542236328,83.26709747314453,0.923770010471344,0.08695271479561342,19.496946334838867,62.23013687133789,7.240300178527832,12.770000457763672,76.87000274658203
2024-05-24,184.11880837742947,184.08249309182872,302.54394012652193,0.6307851688602224,226897.875,1248.79,2648.0,207466.135,76.87,15025.554,172128.792968,165719.742166,162973.006108,18563.91,18730.03,12.260000228881836,83.3656005859375,0.9257699847221375,0.08695913047846361,19.636343002319336,63.26961135864258,7.2494001388549805,14.470000267028809,77.91000366210938
2024-05-31,182.66560495575692,182.650406893721,300.19027251968333,0.7541505508535666,221282.16,1278.52,2592.75,207892.56,79.23,15151.752,171043.94355840003,166445.9880864,163687.2148032,18586.26,18740.106,11.9399995803833,83.38079833984375,0.9195799827575684,0.08691089500492716,19.19027328491211,61.863853454589844,7.246699810028076,12.579999923706055,75.55000305175781
2024-06-07,181.83194076170406,181.8176111218461,298.8215529314602,0.7398982779756303,215317.138,1346.07,2477.0,209471.485,75.53,16249.01055,171242.8223286,166639.5206531,162036.2189776,19042.788,20028.3358,11.84000015258789,83.5343017578125,0.9247999787330627,0.08664823790325506,18.688446044921875,58.191017150878906,7.238100051879883,11.9399995803833,78.62000274658203
2024-06-14,180.27126786324263,180.30261606936364,296.33162265752816,0.6293565997111062,210329.5725,1355.24,2441.75,206712.4,77.9,16199.0,170375.1831045,165770.448426,166691.3953617,18996.25,20019.125,11.770000457763672,83.41950225830078,0.9301000237464905,0.08698565414570242,18.716323852539062,58.705810546875,7.25629997253418,13.279999732971191,82.16999816894531
2024-06-21,178.78567511661325,178.80411173161022,293.868795264081,0.663175596024891,207200.045,1339.65,2436.0,214735.2,80.73,16189.3625,167173.8764487,163029.0695946,161186.93321500003,18215.644,19535.8604,11.779999732971191,83.58039855957031,0.9363200068473816,0.08690435004756794,18.595516204833984,57.77523422241211,7.263500213623047,12.239999771118164,81.73999786376953
2024-06-28,180.52244446565854,180.56533287803958,296.76340395893976,0.6616407894561763,210429.6975,1346.5,2483.75,215647.425,81.74,16994.592500000002,164470.65958950002,157120.0155855,157120.0155855,18192.1,19055.8075,12.239999771118164,83.49120330810547,0.9265000224113464,0.0870582731946004,19.060171127319336,61.19112777709961,7.268599987030029,12.09000015258789,83.87999725341797
2024-07-05,181.85062704419653,181.71632586692138,298.6550882145446,0.635461735433516,209888.289,1387.17,2390.25,221551.475,82.81,18507.775,164756.76415,157393.33334999997,157393.33334999997,18119.5,19635.025,11.329999923706055,83.49590301513672,0.9230800271034241,0.0871240339993997,18.837135314941406,62.38104248046875,7.274499893188477,12.920000076293945,82.62000274658203
2024-07-12,179.9288167241262,180.01176547950095,295.8536028199693,0.6808416704297522,207195.75300000003,1381.08,2292.75,222805.98,82.21,18086.1,161100.12630250002,157417.83770129998,155576.6934007,18119.5,19635.025,12.079999923706055,83.57209777832031,0.9140599966049194,0.08686391850625505,17.98217010498047,62.212467193603516,7.259399890899658,15.930000305175781,82.81999969482422
2024-07-19,175.6861553457491,175.68091323171032,288.73574451011496,0.48764269299039975,200958.744,1302.91,2188.0,223552.3,81.91,18084.384,161507.15427,159661.3582212,156892.664148,17875.074,18205.7838,11.760000228881836,83.74299621582031,0.9225500226020813,0.08670814610420419,17.294479370117188,61.22087860107422,7.261199951171875,18.459999084472656,78.27999877929688
2024-07-26,170.77869910900512,171.30907088979575,281.5505180091082,0.6948770367253446,192574.855,1300.0,2176.25,215616.75,77.16,17549.801499999998,159621.3112989,155930.6451417,154085.3120631,17872.085,18081.36,11.0600004196167,83.7177963256836,0.9238799810409546,0.08620866911302495,17.27589225769043,60.37802505493164,7.217199802398682,18.59000015258789,76.30999755859375
2024-08-02,167.91836334264227,167.88938735251702,275.93018706955496,0.7056178545746263,189667.719,1268.16,2167.0,214536.125,75.81,17160.55,157023.83903799998,153329.1604724,150558.15154819997,17579.1,18026.9485,10.9399995803833,83.94239807128906,0.9150699973106384,0.08553842159196832,17.080738067626953,56.808292388916016,7.180300235748291,23.790000915527344,76.19000244140625
2024-08-09,169.34059817045755,169.36668308685873,278.3581576206539,0.7904148309108124,193199.4175,1271.83,2237.0,213202.5,76.84,16865.192,157306.802015,153605.46549699997,149904.128979,17490.9175,17915.067,10.710000038146973,83.97149658203125,0.9079999923706055,0.08499669893865078,17.69408416748047,57.67097091674805,7.13730001449585,15.229999542236328,78.16000366210938
2024-08-16,170.02822741931698,170.0532484011967,279.48654398627315,0.8099258713463968,195678.12,1269.98,2350.25,214111.575,80.06,15977.588,157184.99675999998,153486.52624799998,147938.82048,17001.899999999998,17161.424,10.6899995803833,83.88860321044922,0.8964300155639648,0.08501512603251662,18.168031692504883,57.93870544433594,7.131800174713135,17.549999237060547,73.01000213623047
2024-08-23,173.67980621259437,173.66178484895747,285.417259159992,0.8825025197540094,208584.69,1253.17,2344.75,216836.475,74.83,15500.47455,162594.9578704,158899.61791879998,147813.598064,15839.901,16191.8988,10.40999984741211,83.94149780273438,0.8988800048828125,0.08487220492192377,18.23308563232422,59.317012786865234,7.124300003051758,15.649999618530273,75.91000366210938
2024-08-30,171.37241902977314,171.55979498950316,281.9625890091045,0.8531509832753346,205222.549,1217.57,2269.5,216025.05,75.53,15380.448,163631.9560029,159009.5843644,151613.7897428,15761.92,16063.744,11.109999656677246,83.98249816894531,0.9024900197982788,0.08468311859884409,17.601152420043945,54.9441032409668,7.1118998527526855,19.899999618530273,69.1500015258789
2024-09-06,167.96405207528045,167.9705079775595,276.06351073936,0.8612784347736561,202109.625,1194.26,2334.5,212214.275,70.34,14201.8635,163862.1844695,159233.309202,149049.7836135,14445.42,14625.98775,10.739999771118164,83.99259948730469,0.9081900119781494,0.08476580077722126,18.093685150146484,56.70913314819336,7.119699954986572,17.06999969482422,68.97000122070312
2024-09-13,168.56180742073218,168.5868187025373,277.0764320223416,0.8233765156905413,207267.48,1114.16,2463.25,211422.575,68.65,13957.2264,163657.320156,159034.232016,148863.438108,14267.76,14452.4016,10.270000457763672,83.69170379638672,0.8996999859809875,0.08460814549037668,18.679153442382812,59.90205383300781,7.080999851226807,16.329999923706055,71.94999694824219
2024-09-20,171.26207669968397,171.30946190306486,281.551160648683,0.7486900295786223,212178.225,1130.41,2543.0,212321.2,70.09,13662.32025,163806.903623,160125.849609,148162.4240635,14192.45,14505.51875,10.399999618530273,83.62409973144531,0.898389995098114,0.08409417880637465,19.50623893737793,63.69984817504883,7.032299995422363,15.369999885559082,67.66999816894531
2024-09-27,176.4645560773762,176.4618018060771,290.01915338903996,0.8068931355433464,221538.515,1224.28,2551.25,212557.8,68.18,13703.0965,167016.60988099998,160557.403974,156866.42917,14325.395,14655.3385,10.449999809265137,83.91960144042969,0.9050999879837036,0.08386241182461836,19.50623893737793,62.49073791503906,7.037700176239014,20.489999771118164,73.70999908447266
2024-10-04,179.58928055035412,179.58952046511607,295.1596331316782,0.8166965692049952,224779.72,1277.17,2520.75,210758.275,69.83,15372.007849999998,164862.5197714,158379.16225229998,153285.09563015,15019.11125,15216.565299999998,10.260000228881836,83.94219970703125,0.9138000011444092,0.08434494311723263,19.283205032348633,63.2854118347168,7.080100059509277,20.93000030517578,75.8499984741211
2024-10-11,178.4853956474326,178.45116259211886,293.28871498848025,0.8316566229285666,221395.8825,1263.32,2503.75,199638.9,75.56,15322.151,167796.7256911,161307.3495594,155745.0271608,15011.425,15221.375,9.40999984741211,84.03929901123047,0.9205999970436096,0.08470323028107779,18.911481857299805,65.26213836669922,7.1184000968933105,19.110000610351562,70.66999816894531
2024-10-18,175.00118649786813,174.99218241309686,287.6037990868968,0.8498822741079364,216024.82,1226.27,2597.25,197964.15,70.58,14967.77325,169578.2129745,157531.673255,151971.73184599998,15362.87875,14795.44,8.220000267028809,84.06759643554688,0.9276000261306763,0.08475679373027624,19.32037925720215,64.01055145263672,7.12529993057251,19.079999923706055,70.19000244140625
2024-10-25,178.47345236351035,178.45829316120455,293.3004342477661,0.8395261056264075,225164.3625,1210.69,2560.5,197927.175,71.78,15027.5125,173346.6801715,163149.816632,158514.87865949998,15107.378999999995,14733.267499999998,7.809999942779541,84.08910369873047,0.9208800196647644,0.08461024869232471,19.032291412353516,63.16621398925781,7.114799976348877,23.15999984741211,69.26000213623047
2024-11-01,178.9230587771164,178.94223302433144,294.0958008821242,0.7114031192911533,223488.95,1201.1,2654.5,203551.9,69.49,15189.052,171462.11588,163120.71564799998,159413.426656,15554.8,15403.455999999998,7.46999979019165,84.2511978149414,0.9316999912261963,0.08518454450525548,19.4226016998291,69.20569610595703,7.1768999099731445,15.199999809265137,72.36000061035156
2024-11-08,176.96200901866357,177.0300462446759,290.95307659119317,0.7679354802242623,221157.0975,1203.34,2428.5,202630.75,71.69,14794.7731,170243.8979835,163731.83631199997,160940.95273849997,15526.521399999998,15438.20695,8.149999618530273,84.4229965209961,0.9466000199317932,0.085563176770808,18.177324295043945,64.66615295410156,7.223499774932861,14.3100004196167,68.69999694824219
2024-11-15,175.16031364120676,175.16435507622612,287.8867689392185,0.7748042848801899,216265.94,1190.47,2570.5,197884.825,67.02,14816.412,170302.3975752,163788.0982144,161926.8698256,15618.44,15647.9884,8.5,84.38310241699219,0.9482100009918213,0.08584657058655101,18.651273727416992,68.02362060546875,7.24399995803833,16.8700008392334,70.0999984741211
2024-11-22,175.94534594507758,175.9396524284205,289.16098851199195,0.5711597629431144,221533.824,1190.59,2526.0,199549.46,68.87,14504.386800000002,162861.34210500002,157277.52466139998,161930.7058644,15255.7782,15259.9995,7.230000019073486,84.42030334472656,0.9467499852180481,0.0858348027370964,18.790668487548828,67.97395324707031,7.246200084686279,14.100000381469727,68.87999725341797
2024-11-29,175.12967163324439,175.1395417263194,287.8459876105738,0.44292541433541704,220283.3875,1162.68,2614.25,200954.325,68.0,14481.78825,162861.34210500002,157277.52466139998,161930.7058644,15177.42,15240.65925,6.650000095367432,84.70700073242188,0.9510999917984009,0.08574261806649486,18.995119094848633,66.67269134521484,7.263000011444092,13.539999961853027,68.30000305175781
2024-12-06,176.3723575957485,176.37084191067763,289.86965864521375,0.46588809486964733,220433.138,1197.33,2535.5,201255.27,69.94,14486.6948,162394.86655920002,156795.0435744,164261.4742208,15240.240000000002,15193.6726,6.489999771118164,84.85710144042969,0.9517599940299988,0.08556855810565754,18.809255599975586,63.14634704589844,7.261099815368652,13.920000076293945,70.0199966430664
2024-12-13,176.39766965977392,176.40402215924482,289.9241911701013,0.32430265796918667,221409.48,1213.28,2448.25,199324.57,71.29,14527.212,164482.64169919997,159809.83937819998,162613.52077079998,15269.912,15129.86,6.099999904632568,85.16549682617188,0.966159999370575,0.0855440311535111,18.24237632751465,56.69960021972656,7.285399913787842,24.09000015258789,69.91000366210938
2024-12-20,174.43157138563262,174.44591949448676,286.70600303380405,0.20325926854618326,215298.1715,1232.02,2507.0,197937.16,70.08,14652.28755,164802.7525232,159184.476869,161057.2354204,14851.725,15080.8659,6.21999979019165,85.41339874267578,0.9615799784660339,0.08543390510475614,17.796306610107422,57.007530212402344,7.2972002029418945,14.729999542236328,69.62000274658203
2024-12-27,175.20028509549007,175.1923892156006,287.93284371168573,0.2200288143649975,218422.504,1248.26,2498.25,199881.33,70.6,13768.815,165658.3214528,160010.878676,161893.3596016,14204.2938,14311.0288,6.099999904632568,85.78569793701172,0.9660099744796753,0.08507362147864078,18.184947967529297,57.311492919921875,7.298099994659424,17.93000030517578,73.12999725341797
2025-01-03,174.52853687372115,174.52012351228427,286.82795909567943,0.20038937202467993,218291.031,1195.57,2507.5,197613.88,73.96,14206.2417,167327.3180007,160709.85344699997,162600.55760519998,14274.6849,14497.1253,6.260000228881836,85.90750122070312,0.9694899916648865,0.08534179145177578,18.126537322998047,57.43083572387695,7.331500053405762,17.700000762939453,73.91999816894531
2025-01-10,176.0044028046135,176.02075096492322,289.2942758787585,0.20513003737421562,221573.2975,1145.27,2655.5,198570.25,73.56,14368.013750000002,168115.55783550002,167165.752424,163366.530778,14152.601250000002,14355.089,6.699999809265137,86.43099975585938,0.9713199734687805,0.08480869225312349,18.671695709228516,59.46950149536133,7.330100059509277,16.600000381469727,78.68000030517578
2025-01-17,177.68708885021294,177.65279422335402,291.97657765319326,0.2388080754597723,224717.57,1153.93,2634.5,200141.75,77.88,14133.85875,168907.6998477,167953.4190576,164136.29589719998,14203.07875,14350.17125,5.71999979019165,86.47270202636719,0.9606000185012817,0.08408665404895635,18.59381675720215,60.47391891479492,7.271200180053711,15.020000457763672,74.62000274658203
2025-01-24,177.36296078824597,177.32873676360043,291.4439815379704,0.23633372409851033,227309.4,1130.28,2618.75,202088.165,74.66,13705.8,169134.03716,167233.65472,167233.65472,13783.38,13998.88,5.139999866485596,86.6406021118164,0.9592099785804749,0.08274411735318159,18.350440979003906,59.74795150756836,7.169000148773193,15.84000015258789,72.7300033569336
2025-01-31,176.3870455309723,176.37764352684752,289.88083726258634,0.2448381840621555,223088.0052,1151.51,2620.75,201870.4,72.62,13642.4004,173608.88665119998,168839.4117432,165023.8318168,13837.1064,13997.198,5.769999980926514,87.33409881591797,0.9614599943161011,0.08324927241016036,18.603551864624023,60.30486297607422,7.270500183105469,15.5,70.61000061035156
2025-02-07,179.97740414897055,179.98726648295568,295.8133381385243,0.4005253369119892,231138.11925,1160.48,2571.75,206836.175,71.0,13908.258,175797.65543339998,170968.0495149,165172.52241269997,13960.6596,14113.4976,5.860000133514404,86.8740005493164,0.9622799754142761,0.08413104236239621,18.710636138916016,62.24407958984375,7.308800220489502,15.100000381469727,71.29000091552734
2025-02-14,180.65861859326097,180.6820535270879,296.9552371119142,0.3182415275803794,233244.8354,1156.15,2692.25,208184.04,71.37,13633.988,173777.407804,169003.303194,170912.945038,13426.1,13915.503,5.639999866485596,86.872802734375,0.9595999717712402,0.0838386663445051,19.177915573120117,60.901546478271484,7.283299922943115,15.65999984741211,72.56999969482422
2025-02-21,179.59821734619965,179.59969190531808,295.176350134712,0.3590487109912421,231588.7572,1168.21,2596.25,208590.255,70.4,13659.39615,173681.1100024,168909.6509364,170818.2345628,13455.395,13867.73775,6.320000171661377,87.16220092773438,0.9534000158309937,0.08327003930221387,18.584081649780273,57.2717170715332,7.257999897003174,21.1299991607666,70.3499984741211
2025-02-28,179.3745484999758,179.3681750205247,294.7958466476353,0.3424167635215429,229307.5499,1166.35,2656.75,215642.875,68.93,13749.655199999996,175474.65655719998,170653.92423419998,170653.92423419998,13404.1645,13797.7615,6.400000095367432,86.88929748535156,0.926360011100769,0.08344640906187477,19.24605941772461,56.078346252441406,7.2505998611450195,24.8700008392334,66.36000061035156
2025-03-07,181.26667079228227,181.28114950161216,297.9398655445381,0.34739240987085274,235412.61105,1108.51,2645.25,232214.4,67.04,13682.368000000002,176660.60984,171860.04979,169939.82577,13333.328,13651.827,6.570000171661377,87.3405990600586,0.9185900092124939,0.08286066505337082,19.421289443969727,55.70044708251953,7.237100124359131,24.65999984741211,66.55000305175781
2025-03-14,180.58775843573073,180.5914233106022,296.8062842031961,0.33523822886712906,234873.90130000003,1109.58,2597.5,236224.005,66.25,12802.06225,176338.11802639998,171546.3213409,169629.6026667,13062.88525,13601.91945,6.949999809265137,86.33709716796875,0.9164299964904785,0.08374152312445467,19.255796432495117,57.987735748291016,7.230000019073486,19.799999237060547,68.26000213623047
2025-03-21,177.935079840095,177.94032028397334,292.4491335481497,0.425325894653452,225826.938,1140.99,2479.0,234633.33,68.28,12665.409,178200.757372,174409.25189599997,172513.499158,13029.507,13588.6575,6.909999847412109,86.09539794921875,0.9309200048446655,0.08428905616854473,18.954010009765625,58.07724380493164,7.256899833679199,18.690000534057617,69.91999816894531
2025-03-28,173.35806019034058,173.34980954689706,284.90452035728345,0.6355859280636622,218184.4039,1147.42,2296.25,231712.5,69.11,12274.129,175370.06938440003,171598.6700428,171598.6700428,12812.993200000004,13356.1341,6.360000133514404,85.65119934082031,0.916700005531311,0.0848499493241492,17.91236686706543,52.023765563964844,7.267499923706055,30.020000457763672,66.94999694824219
2025-04-04,167.42286594406465,167.43254186492194,275.17935068351636,0.6753930451274537,203328.0311,1150.38,2251.0,233140.05,66.95,12236.44,175304.4598932,171534.4715084,162109.50054639997,12804.6825,13347.29,5.619999885559082,86.20929718017578,0.913070023059845,0.08525762469894577,17.308799743652344,51.54584503173828,7.349999904632568,40.720001220703125,60.06999969482422
2025-04-11,166.28233375095854,166.3062951523745,273.3283375195504,0.6172828079747127,201767.104,1082.94,2307.5,238854.825,61.99,13281.879,171014.57802,167214.25406399998,161513.76812999998,12954.357,13872.2805,5.630000114440918,85.62049865722656,0.8774399757385254,0.08539894363430503,17.484027862548828,54.49302673339844,7.3119001388549805,29.649999618530273,64.68000030517578
2025-04-18,167.71156892380458,167.69292694428094,275.60729973253393,0.701226724896266,203473.347,1103.05,2390.0,233325.885,64.68,13396.122,171014.57802,167214.25406399998,161513.76812999998,12849.69,13652.262,5.739999771118164,85.4999008178711,0.8828200101852417,0.08521647048887258,18.058391571044922,56.95233154296875,7.285999774932861,26.469999313354492,62.790000915527344
2025-04-25,168.3998511348112,168.41584146092157,276.79542687360873,0.7196989948245638,208202.79,1108.56,2293.25,233721.5075,63.08,13364.742000000002,167534.916043,163770.086469,158122.842108,12815.331,13624.541,5.920000076293945,84.53119659423828,0.8830100297927856,0.0860108472956491,17.503498077392578,56.22549819946289,7.270599842071533,24.600000381469727,59.2400016784668
2025-05-02,166.7378826863033,166.72503572723699,274.0165475784317,0.6048697843808136,206279.6908,1116.36,2294.25,229732.815,58.29,13224.24915,163987.9249712,160260.9266764,158397.427529,12679.05,13613.07335,5.840000152587891,84.81719970703125,0.8844699859619141,0.0851855543582025,17.68846321105957,57.61943435668945,7.225200176239014,22.479999542236328,59.90999984741211
2025-05-09,168.40587971566754,168.35340087799486,276.69280429573536,0.6998167737880369,206783.7299,1141.35,2403.5,228093.8125,61.02,13016.692,165699.0628304,167582.0067262,160050.231143,12645.750000000002,13627.90325,5.429999828338623,85.48760223388672,0.8942999839782715,0.08428941428086652,18.25309181213379,58.82419204711914,7.205699920654297,17.829999923706055,61.619998931884766
2025-05-16,170.7038977615966,170.68961968200068,280.5324352681875,0.7714740668174835,212415.76125,1164.81,2350.25,227327.875,61.95,13047.3,165875.6088,167760.5589,160220.7585,12773.7,13846.725,5.504000186920166,85.60030364990234,0.8825200200080872,0.08413404740608836,18.02918815612793,57.95796203613281,7.201900005340576,20.280000686645508,61.20000076293945
2025-05-23,170.4593489426713,170.4916025583162,280.2069894324331,0.6487478333007511,210648.48,1178.84,2344.25,229419.19,61.53,13065.42,165293.58912,167171.92536,161536.91664,12579.78,13793.88,5.150000095367432,85.38590240478516,0.8901799917221069,0.0843663867529111,18.019453048706055,60.068782806396484,7.203700065612793,19.18000030517578,60.939998626708984
2025-05-30,171.04660009988208,171.03144832077672,281.0942387373082,0.21413740243071114,211912.7885,1154.29,2404.0,229731.37,60.89,13153.756,165924.11044,167809.611695,162153.10793,12491.7975,13802.9024,5.190000057220459,85.9041976928711,0.8755000233650208,0.08385736970949845,18.126537322998047,63.85232162475586,7.203700065612793,18.479999542236328,63.369998931884766
2025-06-06,170.82212746586507,170.8321240270239,280.7666445365668,0.19296452126059893,210467.3724,1148.56,2439.75,232332.87,64.58,12559.0704,166430.4675616,170212.978188,162647.9569352,12417.5235,13301.1193,5.409999847412109,85.46980285644531,0.8688600063323975,0.08415603879431272,18.23362159729004,64.6090316772461,7.192800045013428,18.020000457763672,68.04000091552734
2025-06-13,172.28489912617223,172.2865998455557,283.1571100152033,0.20041823905270664,212517.2855,1151.81,2503.75,234477.925,64.98,12642.5292,167055.1686848,170851.877064,163258.4603056,12390.021,13241.7012,5.869999885559082,86.61360168457031,0.8712700009346008,0.08299850968200649,18.330970764160156,66.39129638671875,7.188799858093262,20.139999389648438,75.13999938964844
2025-06-20,176.99122015384287,176.99045562072072,290.88800846243043,0.403667917444461,221341.77,1157.54,2510.5,235083.165,74.93,12969.684,167970.879648,171788.39964,164153.359656,12484.836,13025.961,5.730000019073486,86.006103515625,0.8558899760246277,0.08344059190222643,18.837190628051758,67.00859832763672,7.176400184631348,16.59000015258789,65.23999786376953
2025-06-27,175.78003624998166,175.76911072153732,288.8806991749141,0.37042295609035486,224237.871,1105.49,2524.75,235979.2425,64.37,12792.7644,165788.305848,169556.22189,162020.389806,12302.8836,12848.628,5.584000110626221,85.69409942626953,0.8474400043487549,0.08361018872869785,18.8858642578125,69.86255645751953,7.164899826049805,16.3799991607666,67.0
2025-07-04,175.8364305637167,175.83269648815508,288.9852038893245,0.3791501957590691,221920.28805,1117.61,2504.5,236533.845,67.0,13175.0877,165788.305848,169556.22189,162020.389806,12255.99495,12730.5033,5.929999828338623,85.70850372314453,0.852429986000061,0.08377231565548822,18.856660842895508,71.92642974853516,7.179999828338623,15.779999732971191,66.56999969482422
2025-07-11,176.76481827756896,176.77789887505534,290.53866641336333,0.35217526487066864,222508.60800000004,1125.36,2428.75,236277.15,68.45,13164.160000000002,170161.39008,172052.072192,162598.661632,12293.696,12765.376,7.090000152587891,85.88520050048828,0.8594200015068054,0.08358250471047896,18.730106353759766,74.41902923583984,7.178500175476074,16.520000457763672,67.54000091552734
2025-07-18,179.15611019703192,179.1476135426143,294.43334863141246,0.3605121706069403,227082.78500000003,1134.52,2564.25,234948.93,66.52,13004.3425,172834.49183,170935.2117,163338.09118,12883.732500000002,13047.4175,7.400000095367432,86.39869689941406,0.8493099808692932,0.08286583454288186,19.236324310302734,77.0312728881836,7.1595001220703125,15.390000343322754,66.02999877929688
2025-07-25,178.54108824049095,178.52742030833627,293.4140463523811,0.39519350131808145,227981.46525,1128.08,2446.75,225800.7875,65.16,13289.2719,173542.6819126,173542.6819126,165914.43215819998,13138.2084,13366.9617,7.150000095367432,87.714599609375,0.8749399781227112,0.08181534449804993,18.749576568603516,73.1029281616211,7.176400184631348,16.719999313354492,69.26000213623047
2025-08-01,179.16493899232728,179.18421527256524,294.4935044420429,0.3807225662479678,224511.92075,1144.13,2500.0,222305.3125,66.71,13950.4755,173107.86471,175992.9957885,167337.602553,13941.751000000002,14377.976000000002,7.460000038146973,87.76249694824219,0.8574000000953674,0.08184361277101988,19.041624069213867,77.71922302246094,7.182799816131592,16.56999969482422,63.880001068115234
2025-08-08,179.7250554656034,179.7178637419793,295.3705683489212,0.38469684630111445,225525.4825,1136.32,2501.5,226971.1375,63.88,14026.451,173591.999262,174556.39925790002,167805.5992866,14250.4175,14456.818,7.800000190734863,87.44999694824219,0.8537600040435791,0.08203888443759164,19.22658920288086,80.3713607788086,7.174300193786621,14.829999923706055,63.959999084472656
2025-08-15,180.907893807627,180.93336851511646,297.3682792508703,0.1761124729278823,227848.8468,1132.62,2484.5,227267.0625,63.17,14514.03105,173639.619054,175568.9481546,169780.9608528,15144.124650000002,15025.9821,8.020000457763672,87.01820373535156,0.858240008354187,0.08246205827718643,18.98321533203125,77.2605972290039,7.1757001876831055,16.600000381469727,63.52000045776367
2025-08-22,179.5176002835588,179.4493292554708,294.9292255561136,0.19215783105821138,223343.257,1126.04,2516.25,225411.4125,63.66,14230.58645,177129.1356824,175203.8189902,169427.8689136,15020.932,14828.803800000002,8.40999984741211,87.65910339355469,0.858519971370697,0.08160019440004934,19.08056640625,81.35842895507812,7.1529998779296875,14.430000305175781,64.5999984741211
2025-08-29,182.39879655571454,182.43737212234825,299.84014482403705,0.2612347502124678,231029.10610000003,1119.11,2488.75,225634.3425,64.15,14122.1871,180782.85240840004,176895.0491308,171063.3442144,15042.6276,14994.41405,8.369999885559082,88.072998046875,0.8575999736785889,0.08108500923858791,19.265531539916992,81.32850646972656,7.14139986038208,15.300000190734863,63.47999954223633
2025-09-05,182.90306452689035,183.0359210423325,300.8238741595593,0.2694136106854876,229828.55005,1144.71,2587.75,226522.9575,63.48,13677.8037,183725.7886233,176921.1297854,169144.37682779998,15097.6144,15031.474149999998,8.039999961853027,88.05339813232422,0.854449987411499,0.08086797367803641,19.684133529663086,85.78528594970703,7.120699882507324,14.710000038146973,62.369998931884766
2025-09-12,184.4445832531032,184.58145574321787,303.3639970694271,0.24500393615226745,231423.5228,1167.28,2579.0,228368.5425,62.69,13868.1732,185859.4639517,177101.6881634,172236.2571699,15108.0576,15103.6452,8.100000381469727,87.91069793701172,0.8455700278282166,0.08080131612210867,19.67439842224121,88.82624816894531,7.103300094604492,15.699999809265137,63.56999969482422
2025-09-19,185.6416236286157,185.66864082894313,305.1508115239555,0.22816869163863068,235464.87,1123.36,2551.0,228220.735,63.3,14073.975,185486.80601,176746.59001999997,173833.18469,15382.259999999998,15510.005,8.15999984741211,88.77860260009766,0.8514500260353088,0.08032903828580078,19.878833770751953,91.42852783203125,7.131499767303467,16.739999771118164,64.9800033569336
2025-09-26,186.268139243482,186.19895600359973,306.0223970819013,0.23615557627812017,234644.05720000004,1117.12,2596.5,227315.2975,65.72,14088.74365,188656.6196691,177904.1698434,173016.6926499,15417.7038,15545.74315,8.050000190734863,88.68299865722656,0.8522199988365173,0.08027468698339899,20.307172775268555,96.49163055419922,7.11899995803833,16.6299991607666,60.47999954223633
2025-10-03,189.57265996177964,189.63485460573378,311.66937786483913,0.30849646383038776,240582.76875,1130.96,2727.75,231276.5125,63.45,13993.509499999998,191714.416586,174107.990573,173129.8557945,15923.495749999998,15861.38125,7.71999979019165,88.7771987915039,0.8597000241279602,0.08018387975198873,20.735511779785156,102.17112731933594,7.118500232696533,16.43000030517578,61.5099983215332
2025-10-10,189.2979889396846,189.2734134605044,311.07534077654856,0.34372599588612,241343.30025,1133.11,2686.25,228659.9125,58.9,13975.262,190783.5709065,172194.4024592,174151.1570326,15927.982,15763.776,8.180000305175781,87.80950164794922,0.8586400151252747,0.08115522882269396,20.521343231201172,106.41329193115234,7.126200199127197,25.309999465942383,57.459999084472656
2025-10-17,190.62492457633093,190.71408089887706,313.4431118551368,0.24253658625407168,244168.72365000003,1176.55,2768.75,231901.945,58.7,13972.9708,189162.8445135,170731.5929968,173641.7906047,15732.7908,15644.7998,8.15999984741211,87.74030303955078,0.8614400029182434,0.0812135330060915,20.9399471282959,98.62767791748047,7.125699996948242,17.299999237060547,61.790000915527344
2025-10-24,191.97162531284056,192.00523788631784,315.5651589642411,0.20089951374028037,246531.852,1183.33,2815.25,232018.15,61.5,13906.79,189772.1022736,173312.2770764,174280.50208799998,15709.847,15661.589999999998,7.849999904632568,88.34559631347656,0.8618199825286865,0.08035488211367196,21.12491226196289,96.2420883178711,7.098999977111816,16.90999984741211,60.56999969482422
2025-10-31,195.63904571396176,195.5732061552556,321.429199374604,0.273852983202945,254599.8516,1200.45,2771.5,236279.7875,60.15,14547.5364,191787.8745244,177110.2310659,176131.721502,16015.1092,16160.9824,8.100000381469727,88.55690002441406,0.8698099851608276,0.08046803722212195,20.9399471282959,90.9319076538086,7.125999927520752,19.5,59.43000030517578
2025-11-07,196.2539277602733,196.2387210116607,322.5229888137175,0.2939019190169422,252199.31295,1220.4,2830.0,236020.475,59.75,14563.226250000002,194495.2691385,178857.45855450002,176902.7322315,17161.110750000003,17413.806,8.350000381469727,88.59400177001953,0.8626499772071838,0.08035871217344279,21.076236724853516,92.23949432373047,7.11929988861084,20.0,58.689998626708984
2025-11-14,196.0309243572835,196.01037997117618,322.14770490202955,0.3433364295123897,253650.54,1196.16,2728.75,240220.1625,60.09,14544.996,196503.1708959,180861.1274415,177928.24429379997,17028.288,17139.14925,8.600000381469727,88.48719787597656,0.8665000200271606,0.08032235449669767,20.66736602783203,87.2786636352539,7.107500076293945,26.420000076293945,59.13999938964844
2025-11-21,195.96226862519796,195.97925200020217,322.0965453440051,0.37457524387230534,251505.7537,1180.51,2790.25,237789.375,59.44,14487.1072,200588.7065413,182802.5158135,179838.1506922,16891.294,16970.990800000003,8.949999809265137,89.16300201416016,0.8619099855422974,0.07935802723211945,21.163850784301758,95.1640853881836,7.075799942016602,17.190000534057617,59.099998474121094
2025-11-28,198.61062873009624,198.63007408988938,326.45323427252976,0.3272043232365114,256776.2752,1172.06,2877.75,240924.6375,58.55,14938.925550000002,200588.7065413,182802.5158135,179838.1506922,16499.24305,16610.694300000003,8.770000457763672,90.17050170898438,0.8571299910545349,0.07833604038316933,21.621395111083984,100.614013671875,7.063600063323975,15.779999732971191,59.66999816894531
2025-12-05,200.21477582894238,200.25491021547978,329.1236909533332,0.29331348651920386,257385.7791,1185.96,2825.0,243207.7875,59.32,15550.7847,205234.85500649997,181439.5094985,183422.4549575,16534.49985,16754.6005,9.0,89.79299926757812,0.854610025882721,0.0786698315819779,21.89397430419922,104.68647766113281,7.064000129699707,14.850000381469727,57.599998474121094
2025-12-12,200.89643589090826,200.9027302209036,330.1883984854935,0.3066407293832518,260610.168,1153.32,2823.75,246312.825,57.44,15237.8721,208689.9464936,188719.6166856,184725.550724,16472.52585,16697.00835,8.680000305175781,90.4136962890625,0.8516200184822083,0.0778974924181542,21.7966251373291,102.14118957519531,7.043000221252441,16.8700008392334,56.150001525878906
2025-12-19,201.60306571467308,201.61258582902386,331.35506300092067,0.312810979577077,262087.7333,1150.52,2865.75,246010.575,55.27,15458.22375,206369.9917983,186621.6672243,183659.4185382,16464.7008,16893.46905,8.699999809265137,89.50789642333984,0.8477799892425537,0.07851821078010014,21.7966251373291,107.67096710205078,7.0279998779296875,13.470000267028809,58.349998474121094
2025-12-26,202.60036167170387,202.72804968169643,333.18835427912995,0.1848090596369583,265575.50729999994,1151.8,2906.25,246010.575,56.74,15159.402000000002,206369.9917983,186621.6672243,183659.4185382,16246.049400000002,16563.5472,8.75,89.76940155029297,0.8512600064277649,0.07793412708544775,22.940000534057617,103.54583740234375,6.996099948883057,14.949999809265137,57.41999816894531
2026-01-02,205.87456820868957,205.81027746739002,338.2540686932976,0.26868303739614996,272121.3234,1128.95,3001.25,245279.3625,57.32,15212.366,207114.12821,187294.59441,184321.66434,16351.0431,16666.092099999998,8.460000038146973,89.8644027709961,0.8564000129699707,0.07785618998671036,23.459999084472656,113.95938110351562,6.996500015258789,15.449999809265137,57.7599983215332
2026-01-09,210.30906038988968,210.47336138838128,345.9179576319027,0.35417316457975395,277369.7292,1152.76,3069.5,243718.125,55.99,15481.3582,215864.7940988,195969.4213708,188011.2722796,16437.9446,16961.3598,8.850000381469727,90.18319702148438,0.8586400151252747,0.07732039093549282,24.290000915527344,123.63338470458984,6.9730000495910645,15.84000015258789,59.189998626708984
2026-01-16,217.44104514185688,217.49967756226383,357.46587478641834,0.5881403195533982,284889.7563,1154.87,3060.75,254361.8875,59.44,16685.92055,220976.6575159,206978.1362253,200978.7699579,17960.382,18858.401100000003,9.800000190734863,91.53690338134766,0.8566799759864807,0.07607532656605444,23.8700008392334,130.60906982421875,6.963699817657471,15.640000343322754,59.36000061035156
2026-01-23,221.35529410314618,221.2600752686977,363.6461775378577,0.5938197501738476,291100.21125,1146.83,3138.5,263192.025,60.34,16825.12335,227372.1058125,213224.5081175,203119.0811925,18237.46785,19977.84075,10.359999656677246,92.04080200195312,0.834879994392395,0.07555888309340375,25.100000381469727,126.69149017333984,6.954500198364258,16.8799991607666,65.41999816894531
2026-01-30,219.50141112221164,219.71876090528207,361.1129908526429,0.7545109808211138,285869.7991,1120.54,2925.25,268626.03750000003,65.21,17916.169950000003,229440.7338278,215290.2039882,205182.68267419995,18473.0301,20737.287900000003,11.529999732971191,90.125,0.8473399877548218,0.07697863849866639,23.260000228881836,115.58837890625,6.937699794769287,21.770000457763672,63.290000915527344
2026-02-06,216.4668367549624,216.16743876136107,355.2763087432559,0.864326174666113,280776.97845,1118.9,3026.75,260072.205,63.21,17885.669400000002,224695.97271,212712.1874988,200728.4022876,17817.852150000002,20137.2021,10.649999618530273,90.73570251464844,0.8420299887657166,0.07618280029782572,23.59000015258789,116.60774230957031,6.912499904632568,20.81999969482422,62.84000015258789
2026-02-13,216.06354482894213,216.06333703928195,355.1052150958222,0.8653903197876804,280335.64125000004,1112.04,2992.5,262847.28,62.89,17836.7772,222597.8909715,210619.5291255,200637.5609205,17777.895,20128.6536,11.489999771118164,90.79350280761719,0.8482599854469299,0.07608473931148925,23.540000915527344,117.16738891601562,6.9079999923706055,20.229999542236328,66.43000030517578
2026-02-20,216.4726419188868,216.2922009291034,355.48135832278683,0.8581526816115498,280084.938,1127.49,3071.75,258848.1525,66.39,17302.211,223028.067449,215027.060545,199025.046737,17701.423,18894.5225,11.729999542236328,90.95099639892578,0.8463699817657471,0.07552638785219928,24.18000030517578,119.9556655883789,6.869200229644775,18.6299991607666,65.20999908447266
2026-02-27,219.6675966184153,219.9662472481811,361.51974052259015,0.8438268498523578,286607.0644,1148.06,3215.75,259247.835,65.42,17319.879,231910.1066436,217854.9486652,201791.91097559995,17738.1018,18938.2194,12.069999694824219,92.12300109863281,0.8594300150871277,0.07486729430914629,23.899999618530273,112.80010223388672,6.896999835968018,23.75,81.01000213623047
2026-03-06,230.74806354508323,231.32742722545598,380.1921090736649,0.9468208530113885,301693.875,1232.42,3464.0,269041.275,90.9,16318.107500000002,238145.8632905,230038.7700721,211797.8103307,17150.101150000002,18221.1206,10.460000038146973,92.22879791259766,0.8663100004196167,0.0744398726711032,24.540000915527344,112.7401351928711,6.865499973297119,27.290000915527344,95.7300033569336
2026-03-13,236.15491931682087,236.02367173519707,387.91049822578185,0.9147878882141888,316486.80000000005,1226.42,3119.75,287151.75,83.45,16408.1616,249919.03013000003,241758.40873800003,226457.24362800003,17157.7497,18753.498600000003,10.489999771118164,93.24659729003906,0.8722599744796753,0.07370349458578276,22.950000762939453,105.10486602783203,6.872600078582764,24.059999465942383,96.13999938964844
2026-03-20,237.49449889538334,237.39630635957087,390.16645576219446,0.8981943079211642,311334.192,1240.17,3161.5,296104.875,98.32,17211.2204,248899.0847332,242702.427022,222046.901318,18185.6172,19075.6912,10.010000228881836,94.6937026977539,0.8649399876594543,0.07287707446441415,22.809999465942383,104.85501861572266,6.901000022888184,27.440000534057617,94.4800033569336
2026-03-27,237.99678640315386,239.0026319085992,392.80648987172003,0.8677272009442509,306336.99759999994,1265.81,3411.0,298911.25,90.32,18018.6388,253884.3258006,239257.2453018,228809.3306598,19236.49565,19612.667650000003,9.930000305175781,92.6426010131836,0.8627700209617615,0.07416134707493978,23.549999237060547,110.77999877929688,6.870500087738037,23.8700008392334,111.54000091552734
2026-04-03,244.51694952893612,244.53388338682572,401.8972327660946,0.8069534295297643,320611.48175000004,1201.38,3373.75,305756.55,111.54,17851.775999999998,253884.3258006,239257.2453018,228809.3306598,18544.4621,19976.3233,10.449999809265137,92.2748031616211,0.8576800227165222,0.07400395158338284,24.010000228881836,112.70999908447266,6.828700065612793,19.489999771118164,97.87000274658203
2026-04-10,247.49431136468127,247.18909285257078,406.26113245115056,0.7555341600138422,326862.2625,1201.38,3647.75,308341.5,96.57,17811.890600000002,262691.937024,248325.971718,231907.725654,18522.32315,19952.47495,10.699999809265137,93.38680267333984,0.8468000292778015,0.0730081729380817,25.020000457763672,115.95999908447266,6.817999839782715,17.940000534057617,94.69000244140625
2026-04-17,249.35983515905548,249.1434518617169,409.4731678007255,0.7291357942335264,333903.36000000004,1201.38,3616.75,319572.9075,83.85,17302.87055,266421.52574729995,254172.2601957,237839.9061269,18242.791,18664.13465,11.4399995803833,93.80049896240234,0.8542600274085999,0.07275227987873915,25.170000076293945,117.63999938964844,6.82420015335083,19.309999465942383,95.8499984741211
2026-04-24,253.30062407791607,249.46400227380894,410.0,0.7288581978695161,339582.75,1201.38,3607.75,320514.4525,89.61,17678.5635,273237.847025,258692.866575,246225.74047500003,18727.89,19099.6245,10.899999618530273,93.9135971069336,0.8529000282287598,0.07268383305324808,25.190000534057617,117.77999877929688,6.826000213623047,18.709999084472656,94.4000015258789
